name,tier,life,boss,sprite,w,h,scale,cur,in_scope,keep_reason,cls,prop_scale,prop,reason,eyes
Archelos,Uncommon,20,False,sprites/enemy/beast/reptile/turtle.atlas,26,14,1.0,14.0,True,,Critter,0.86,12.0,beast/reptile folder,False
Crab,Uncommon,11,False,sprites/enemy/beast/ocean/crab.atlas,20,16,0.9,14.4,True,,Critter,0.75,12.0,"scale x0.9 was a choice - nearest step to 14.4px, tagged small",False
Hedgehog,Rare,28,False,sprites/enemy/beast/smallmammals/hedgehog.atlas,32,32,0.7,22.4,True,,Critter,0.38,12.2,"beast/smallmammals folder, moves 46%",True
Hermit Crab,Rare,20,False,sprites/enemy/beast/ocean/hermitcrab.atlas,32,32,0.8,25.6,True,,Critter,0.38,12.2,"scale x0.8 was a choice - nearest step to 25.6px, tagged small, moves 52%",True
Hidden Snake,Rare,20,False,sprites/enemy/beast/reptile/cobradungeon.atlas,46,48,0.5,24.0,True,,Critter,0.25,12.0,"beast/reptile folder, moves 50%",True
Homarid,Common,20,False,sprites/enemy/monstrosity/homarid.atlas,64,32,0.75,24.0,True,,Critter,0.38,12.2,"scale x0.75 was a choice - nearest step to 24.0px, tagged small, moves 49%",True
Hope of Ghirapur,Rare,20,False,sprites/enemy/beast/insect/dragonfly.atlas,22,20,1.0,20.0,True,,Critter,0.6,12.0,beast/insect folder,False
Ibis,Common,11,False,sprites/enemy/beast/bird/ibis.atlas,16,16,1.3,20.8,True,,Critter,0.75,12.0,"beast/bird folder, moves 42%",True
Karumonix,Rare,27,False,sprites/enemy/beast/smallmammals/wildratpoison.atlas,32,22,1.0,22.0,True,,Critter,0.55,12.1,"beast/smallmammals folder, moves 45%",True
Lurrus,Uncommon,20,False,sprites/enemy/beast/cat/caracal.atlas,25,15,1.0,15.0,True,,Critter,0.8,12.0,beast/cat folder,False
Naked Mole Rat,Uncommon,18,False,sprites/enemy/beast/smallmammals/nakedmolerat.atlas,32,32,0.8,25.6,True,,Critter,0.38,12.2,"beast/smallmammals folder, moves 52%",True
Parrot,Uncommon,12,False,sprites/enemy/beast/bird/parrot.atlas,22,22,0.7,15.399999999999999,True,,Critter,0.55,12.1,beast/bird folder,False
Plague Rat Swarm,Common,12,False,sprites/enemy/beast/smallmammals/wildratpoison.atlas,32,22,0.8,17.6,True,,Critter,0.55,12.1,beast/smallmammals folder,False
Poisonous Snake,Common,14,False,sprites/enemy/beast/reptile/snake_cobra.atlas,20,16,0.9,14.4,True,,Critter,0.75,12.0,beast/reptile folder,False
Porcupine,Rare,20,False,sprites/enemy/beast/smallmammals/porcupine.atlas,32,32,0.7,22.4,True,,Critter,0.38,12.2,"beast/smallmammals folder, moves 46%",True
Scorpion,Common,11,False,sprites/enemy/beast/arachnid/scorpion.atlas,20,20,0.9,18.0,True,,Critter,0.6,12.0,beast/arachnid folder,False
Snail,Common,13,False,sprites/enemy/beast/insect/snail.atlas,32,32,0.8,25.6,True,,Critter,0.38,12.2,"beast/insect folder, moves 52%",True
Squirrel,Rare,15,False,sprites/enemy/beast/smallmammals/squirrel.atlas,32,32,0.7,22.4,True,,Critter,0.38,12.2,"beast/smallmammals folder, moves 46%",True
Tiyanak,Common,14,False,sprites/enemy/basic/monster/tiyanak.atlas,14,14,1.0,14.0,True,,Critter,0.86,12.0,art 14px vs 32px person (x0.44),True
Walking Brain,Rare,16,False,sprites/enemy/aberration/walkingbrain.atlas,32,20,0.75,15.0,True,,Critter,0.6,12.0,"scale x0.75 was a choice - nearest step to 15.0px, tagged small",False
Wasp,Uncommon,14,False,sprites/enemy/beast/insect/wasp.atlas,27,32,0.75,24.0,True,,Critter,0.38,12.2,"beast/insect folder, moves 49%",True
Wild Rat,Common,13,False,sprites/enemy/beast/smallmammals/wildrat.atlas,32,22,0.8,17.6,True,,Critter,0.55,12.1,beast/smallmammals folder,False
Zinnia,Uncommon,30,False,sprites/enemy/beast/bird/parrot.atlas,22,22,1.0,22.0,True,,Critter,0.55,12.1,"beast/bird folder, moves 45%",True
Eldrazi Floater,Rare,40,False,sprites/enemy/aberration/eldrazi/eldrazi_2.atlas,64,64,0.7,44.8,True,,Huge,0.75,48.0,scale x0.7 was a choice - nearest step to 44.8px,False
Elesh Norn,Uncommon,80,True,sprites/enemy/aberration/phyrexian/eleshnorn.atlas,64,80,0.5,40.0,True,,Huge,0.6,48.0,"scale x0.5 was a choice - nearest step to 40.0px, tagged humanoid, boss sized on purpose - nearest step to 40px",True
Jin-Gitaxias,Uncommon,80,True,sprites/enemy/aberration/phyrexian/jin-gitaxias.atlas,64,64,0.65,41.6,True,,Huge,0.75,48.0,"scale x0.65 was a choice - nearest step to 41.6px, tagged humanoid, boss sized on purpose - nearest step to 42px",True
Myr Superion,Uncommon,25,True,sprites/enemy/construct/myr.atlas,16,16,2.5,40.0,True,,Huge,3.0,48.0,"scale x2.5 was a choice - nearest step to 40.0px, boss sized on purpose - nearest step to 40px",True
Nissa,Uncommon,80,True,sprites/enemy/humanoid/elf/nissa.atlas,64,80,0.5,40.0,True,,Huge,0.6,48.0,"humanoid/elf folder, boss sized on purpose - nearest step to 40px",True
Ooze Boss,Rare,35,True,sprites/enemy/ooze/giant_slime.atlas,64,40,1.0,40.0,True,,Huge,1.2,48.0,"ooze folder, named giant on 40px art, +1 step for boss",True
The Pride of Hull Clade,Uncommon,20,False,sprites/enemy/beast/reptile/turtle.atlas,26,14,3.0,42.0,True,,Huge,3.43,48.0,"beast/reptile folder, but scaled x3 on purpose - nearest step to 42px",True
Ulasht,Rare,30,False,sprites/enemy/monstrosity/sandwurm.atlas,32,20,2.0,40.0,True,,Huge,2.4,48.0,scale x2 was a choice - nearest step to 40.0px,False
Urabrask,Uncommon,80,True,sprites/enemy/aberration/phyrexian/urabrask.atlas,80,64,0.65,41.6,True,,Huge,0.75,48.0,"scale x0.65 was a choice - nearest step to 41.6px, tagged humanoid, boss sized on purpose - nearest step to 42px",True
Vorinclex,Uncommon,80,True,sprites/enemy/aberration/phyrexian/vorinclex.atlas,80,64,0.65,41.6,True,,Huge,0.75,48.0,"scale x0.65 was a choice - nearest step to 41.6px, tagged humanoid, boss sized on purpose - nearest step to 42px",True
Xolatoyac,Rare,30,False,sprites/enemy/monstrosity/sandwurm.atlas,32,20,2.0,40.0,True,,Huge,2.4,48.0,scale x2 was a choice - nearest step to 40.0px,False
Adult Green Dragon,Rare,23,False,sprites/enemy/dragon/adultgreendragon.atlas,16,16,1.6,25.6,True,,Large,2.0,32.0,dragon folder,False
Aeve,Rare,27,False,sprites/enemy/ooze/giant_slime.atlas,64,40,1.0,40.0,True,,Large,0.8,32.0,"ooze folder, named giant on 40px art",False
Arcades Sabboth,Rare,40,True,sprites/enemy/dragon/ancientsilverdragon.atlas,16,16,1.8,28.8,True,,Large,2.0,32.0,"dragon folder, boss sized on purpose - nearest step to 29px",True
Betor,Rare,20,False,sprites/enemy/dragon/dragonlarge.atlas,50,36,1.0,36.0,True,,Large,0.89,32.0,dragon folder,False
Chromium (Boss),Rare,40,True,sprites/enemy/dragon/ancientsilverdragon.atlas,16,16,1.8,28.8,True,,Large,2.0,32.0,"dragon folder, boss sized on purpose - nearest step to 29px",True
Cloud Giant,Rare,25,False,sprites/enemy/giant/godlytitan.atlas,32,32,0.8,25.6,True,,Large,1.0,32.0,giant folder,False
Crimson Minotaur Lord,Mythic,55,False,sprites/enemy/mythic/crimson_minotaur_lord.atlas,72,78,0.4,31.200000000000003,True,,Large,0.41,32.0,"scale x0.4 was a choice - nearest step to 31.2px, life 55",True
Dracur of Shandalar,Uncommon,24,False,sprites/enemy/dragon/dragonlarge.atlas,50,36,1.3,46.800000000000004,True,,Large,0.89,32.0,dragon folder,False
Drakuseth,Mythic,54,False,sprites/enemy/dragon/dragonlarge.atlas,50,36,1.0,36.0,True,,Large,0.89,32.0,"dragon folder, life 54",True
Ember Urchin,Mythic,53,False,sprites/enemy/mythic/ember_urchin.atlas,124,61,0.5,30.5,True,,Large,0.52,31.7,"scale x0.5 was a choice - nearest step to 30.5px, life 53",True
Experiment Kraj,Rare,30,False,sprites/enemy/ooze/giant_slime.atlas,64,40,1.0,40.0,True,,Large,0.8,32.0,"ooze folder, named giant on 40px art",False
Faerie Dragon,Rare,17,False,sprites/enemy/fey/faerie_dragon.atlas,50,41,1.0,41.0,True,,Large,0.78,32.0,art 41px vs 16px person (x2.56),True
Felix,Rare,30,False,sprites/enemy/ooze/giant_slime.atlas,64,40,1.0,40.0,True,,Large,0.8,32.0,"ooze folder, named giant on 40px art",False
Fire Giant,Rare,33,False,sprites/enemy/giant/firegiant.atlas,16,16,1.4,22.4,True,,Large,2.0,32.0,"giant folder, moves 43%",True
Forest Giant,Mythic,46,False,sprites/enemy/giant/forestgiant.atlas,16,16,1.4,22.4,True,,Large,2.0,32.0,"giant folder, life 46, moves 43%",True
Fumulus,Common,18,False,sprites/enemy/beast/insect/giantfly.atlas,23,18,2.0,36.0,True,,Large,1.78,32.0,"beast/insect folder, but scaled x2 on purpose - nearest step to 36px",True
Giant Cyclops,Rare,30,False,sprites/enemy/giant/cyclops_large.atlas,64,64,0.7,44.8,True,,Large,0.5,32.0,giant folder,False
Goblin King Phil,Uncommon,30,True,sprites/enemy/humanoid/goblin/goblinking.atlas,53,43,1.0,43.0,True,,Large,0.74,31.8,"humanoid/goblin folder, named king, +1 step for boss",True
Golos,Mythic,50,False,sprites/enemy/construct/arcane_golem.atlas,96,96,0.3,28.799999999999997,True,,Large,0.33,31.7,"scale x0.3 was a choice - nearest step to 28.8px, life 50",True
Gorilla Chief,Rare,30,True,sprites/enemy/beast/largemammals/elephant.atlas,28,18,1.0,18.0,True,,Large,1.78,32.0,"beast/largemammals folder, +1 step for boss, moves 78%",True
Grave Titan,Rare,26,False,sprites/enemy/giant/gravetitan.atlas,16,16,1.3,20.8,True,,Large,2.0,32.0,"giant folder, moves 54%",True
Grothama,Uncommon,22,False,sprites/enemy/monstrosity/sandwurm2.atlas,32,18,2.0,36.0,True,,Large,1.78,32.0,scale x2 was a choice - nearest step to 36.0px,False
Gyome,Rare,20,False,sprites/enemy/giant/swamptroll.atlas,40,35,0.5,17.5,True,,Large,0.91,31.9,"giant folder, moves 82%",True
Hidden Bush,Uncommon,20,False,sprites/enemy/plant/hiddenbush.atlas,46,48,0.75,36.0,True,,Large,0.67,32.2,scale x0.75 was a choice - nearest step to 36.0px,False
Horde of Notions,Rare,30,False,sprites/enemy/monstrosity/cerodon.atlas,49,23,1.5,34.5,True,,Large,1.39,32.0,scale x1.5 was a choice - nearest step to 34.5px,False
Kapre of the Old Balete,Mythic,52,False,sprites/enemy/mythic/kapre_old_balete.atlas,20,29,1.0,29.0,True,,Large,1.1,31.9,"art 29px vs 16px person (x1.81), life 52",True
Karrthus,Rare,40,False,sprites/enemy/dragon/dragonlarge.atlas,50,36,1.0,36.0,True,,Large,0.89,32.0,dragon folder,False
King Rohgahh,Common,25,True,sprites/enemy/humanoid/kobold/koboldworker.atlas,22,20,1.5,30.0,True,,Large,1.6,32.0,"humanoid/kobold folder, named king, boss sized on purpose - nearest step to 30px",True
Kiska-Ra of Shandalar,Uncommon,24,False,sprites/enemy/dragon/dragonlarge.atlas,50,36,1.3,46.800000000000004,True,,Large,0.89,32.0,dragon folder,False
Mandurang of Shandalar,Uncommon,24,False,sprites/enemy/dragon/dragonlarge.atlas,50,36,1.3,46.800000000000004,True,,Large,0.89,32.0,dragon folder,False
Maw of the Abyss,Mythic,55,False,sprites/enemy/mythic/maw_of_the_abyss.atlas,144,103,0.3,30.9,True,,Large,0.31,31.9,"scale x0.3 was a choice - nearest step to 30.9px, life 55",True
Morophon,Rare,40,False,sprites/enemy/ooze/giant_slime.atlas,64,40,1.0,40.0,True,,Large,0.8,32.0,"ooze folder, named giant on 40px art",False
Neriv,Rare,20,False,sprites/enemy/dragon/dragonlarge.atlas,50,36,1.0,36.0,True,,Large,0.89,32.0,dragon folder,False
Nicol Bolas,Uncommon,40,False,sprites/enemy/dragon/dragonlarge.atlas,50,36,1.0,36.0,True,,Large,0.89,32.0,dragon folder,False
Nicol Bolas (Boss),Rare,40,True,sprites/enemy/dragon/firedragon.atlas,16,16,1.8,28.8,True,,Large,2.0,32.0,"dragon folder, boss sized on purpose - nearest step to 29px",True
Niv-Mizzet,Uncommon,30,False,sprites/enemy/dragon/dragonlarge.atlas,50,36,1.0,36.0,True,,Large,0.89,32.0,dragon folder,False
Onyx Minotaur Lord,Mythic,54,False,sprites/enemy/mythic/onyx_minotaur_lord.atlas,72,78,0.4,31.200000000000003,True,,Large,0.41,32.0,"scale x0.4 was a choice - nearest step to 31.2px, life 54",True
Oros,Rare,40,False,sprites/enemy/dragon/dragonlarge.atlas,50,36,1.0,36.0,True,,Large,0.89,32.0,dragon folder,False
Palladia-Mors (Boss),Uncommon,40,True,sprites/enemy/dragon/adultgreendragon.atlas,16,16,1.8,28.8,True,,Large,2.0,32.0,"dragon folder, boss sized on purpose - nearest step to 29px",True
Phylath,Uncommon,30,False,sprites/enemy/elemental/earthelemental.atlas,23,18,2.0,36.0,True,,Large,1.78,32.0,scale x2 was a choice - nearest step to 36.0px,False
Prismat of Shandalar,Rare,24,False,sprites/enemy/dragon/dragonlarge.atlas,50,36,1.3,46.800000000000004,True,,Large,0.89,32.0,dragon folder,False
Prossh,Rare,30,False,sprites/enemy/dragon/dragonlarge.atlas,50,36,1.0,36.0,True,,Large,0.89,32.0,dragon folder,False
Scion of the Ur-Dragon,Rare,50,False,sprites/enemy/dragon/dragonlarge.atlas,50,36,1.0,36.0,True,,Large,0.89,32.0,"dragon folder, life 50",True
Silvos,Uncommon,22,False,sprites/enemy/elemental/earthelemental.atlas,23,18,2.0,36.0,True,,Large,1.78,32.0,scale x2 was a choice - nearest step to 36.0px,False
Slobad,Rare,40,True,sprites/enemy/humanoid/goblin/slobad.atlas,100,50,0.75,37.5,True,,Large,0.64,32.0,"humanoid/goblin folder, boss sized on purpose - nearest step to 38px",True
Sun Giant,Rare,28,False,sprites/enemy/giant/ascendedtitan.atlas,16,16,1.5,24.0,True,,Large,2.0,32.0,giant folder,False
Swamp Troll,Rare,35,False,sprites/enemy/giant/swamptroll.atlas,40,35,0.65,22.75,True,,Large,0.91,31.9,"giant folder, moves 40%",True
The Locust God,Rare,40,False,sprites/enemy/beast/insect/giantfly.atlas,23,18,2.0,36.0,True,,Large,1.78,32.0,"beast/insect folder, but scaled x2 on purpose - nearest step to 36px",True
The Scorpion God,Uncommon,40,False,sprites/enemy/beast/arachnid/scorpion.atlas,20,20,2.0,40.0,True,,Large,1.6,32.0,"beast/arachnid folder, but scaled x2 on purpose - nearest step to 40px",True
Thromok,Uncommon,20,False,sprites/enemy/monstrosity/sandwurm.atlas,32,20,2.0,40.0,True,,Large,1.6,32.0,scale x2 was a choice - nearest step to 40.0px,False
Umori,Uncommon,20,False,sprites/enemy/ooze/giant_slime.atlas,64,40,0.7,28.0,True,,Large,0.8,32.0,"ooze folder, named giant on 40px art",False
Vaevictis Asmadi,Uncommon,40,True,sprites/enemy/dragon/adultgreendragon.atlas,16,16,1.8,28.8,True,,Large,2.0,32.0,"dragon folder, boss sized on purpose - nearest step to 29px",True
Varolz,Rare,20,False,sprites/enemy/giant/swamptroll.atlas,40,35,0.5,17.5,True,,Large,0.91,31.9,"giant folder, moves 82%",True
Volcano Dragon,Mythic,47,False,sprites/enemy/dragon/dragonlarge.atlas,50,36,0.75,27.0,True,,Large,0.89,32.0,"dragon folder, life 47",True
Wandering Giant,Uncommon,15,False,sprites/enemy/giant/wanderinggiant.atlas,16,18,1.0,18.0,True,,Large,1.78,32.0,"giant folder, moves 78%",True
Werebear,Rare,26,False,sprites/enemy/beast/bear/bear_large.atlas,64,64,0.6,38.4,True,,Large,0.5,32.0,"beast/bear folder, named large",False
Whim of Shandalar,Uncommon,24,False,sprites/enemy/dragon/dragonlarge.atlas,50,36,1.3,46.800000000000004,True,,Large,0.89,32.0,dragon folder,False
Wildwood Minotaur,Mythic,49,False,sprites/enemy/mythic/wildwood_minotaur.atlas,72,78,0.4,31.200000000000003,True,,Large,0.41,32.0,"scale x0.4 was a choice - nearest step to 31.2px, life 49",True
Aegis Paladin,Mythic,57,False,sprites/enemy/mythic/aegis_paladin.atlas,44,21,1.0,21.0,True,,Medium,1.14,23.9,"art 21px vs 16px person (x1.31), life 57",True
Agatha,Rare,40,False,sprites/enemy/humanoid/human/warlock/witchlarge.atlas,25,25,1.0,25.0,True,,Medium,0.96,24.0,"humanoid/human/warlock folder, named large",False
Amonkhet Minotaur Warrior,Common,16,False,sprites/enemy/humanoid/minotaur/amonkhet_minotaur.atlas,16,15,1.0,15.0,True,,Medium,1.6,24.0,"humanoid/minotaur folder, named minotaur, moves 60%",True
Ancient Silver Dragon,Rare,18,True,sprites/enemy/dragon/ancientsilverdragon.atlas,16,16,1.6,25.6,True,,Medium,1.5,24.0,"dragon folder, boss sized on purpose - nearest step to 26px",True
Ancient Vampire,Mythic,25,False,sprites/enemy/undead/vampire_4.atlas,20,22,0.85,18.7,True,,Medium,1.09,24.0,"undead folder, named ancient",False
Arna,Uncommon,20,False,sprites/enemy/beast/bird/falcon.atlas,14,16,1.5,24.0,True,,Medium,1.5,24.0,"beast/bird folder, but scaled x1.5 on purpose - nearest step to 24px",True
Aswang Sorcerer,Mythic,48,False,sprites/enemy/mythic/aswang_sorcerer.atlas,42,40,0.5,20.0,True,,Medium,0.6,24.0,"scale x0.5 was a choice - nearest step to 20.0px, life 48",True
Avacyn,Mythic,53,False,sprites/enemy/celestial/angelwarrior.atlas,16,16,1.5,24.0,True,,Medium,1.5,24.0,"scale x1.5 was a choice - nearest step to 24.0px, life 53",True
Brain Mole,Rare,20,False,sprites/enemy/monstrosity/brainmole.atlas,32,32,0.7,22.4,True,,Medium,0.75,24.0,scale x0.7 was a choice - nearest step to 22.4px,False
Bristleback Boar,Common,12,False,sprites/enemy/basic/animal/bristleback_boar.atlas,12,17,1.0,17.0,True,,Medium,1.41,24.0,"basic/animal folder, a boar, moves 41%",True
Bristly Bill,Rare,18,False,sprites/enemy/plant/hiddenbush.atlas,46,48,0.5,24.0,True,,Medium,0.5,24.0,scale x0.5 was a choice - nearest step to 24.0px,False
Bruna,Rare,30,False,sprites/enemy/celestial/angel_2.atlas,16,16,1.5,24.0,True,,Medium,1.5,24.0,scale x1.5 was a choice - nearest step to 24.0px,False
Bruse Tarl,Uncommon,20,False,sprites/enemy/beast/barn/bull.atlas,32,27,0.75,20.25,True,,Medium,0.89,24.0,beast/barn folder,False
Bull,Common,12,False,sprites/enemy/beast/barn/bull.atlas,32,27,0.65,17.55,True,,Medium,0.89,24.0,beast/barn folder,False
Calamity,Rare,32,False,sprites/enemy/beast/horse/horseblack.atlas,47,36,0.7,25.2,True,,Medium,0.67,24.1,beast/horse folder,False
Cerodon,Common,32,False,sprites/enemy/monstrosity/cerodon.atlas,49,23,1.0,23.0,True,,Medium,1.04,23.9,art 23px vs 16px person (x1.44),True
Chandler,Common,20,True,sprites/enemy/humanoid/human/bandit/bandit.atlas,21,21,1.0,21.0,True,,Medium,1.14,23.9,"humanoid/human/bandit folder, +1 step for boss",True
Cloud Guardian,Rare,25,False,sprites/enemy/celestial/peerlesssolar.atlas,32,32,0.8,25.6,True,,Medium,0.75,24.0,scale x0.8 was a choice - nearest step to 25.6px,False
Conjurer,Rare,35,True,sprites/enemy/humanoid/conjurer.atlas,32,32,0.8,25.6,True,,Medium,0.75,24.0,"humanoid folder, boss sized on purpose - nearest step to 26px",True
Dinosaur,Common,19,False,sprites/enemy/beast/dinosaur/ancient_2.atlas,16,16,1.5,24.0,True,,Medium,1.5,24.0,scale x1.5 was a choice - nearest step to 24.0px,False
Drake,Uncommon,20,False,sprites/enemy/dragon/drake.atlas,30,34,0.9,30.6,True,,Medium,0.71,24.1,"dragon folder, a drake",False
Duskana,Rare,20,False,sprites/enemy/beast/polar/polarbear.atlas,25,19,1.0,19.0,True,,Medium,1.26,23.9,beast/polar folder,False
Dwarf Warlord,Rare,32,False,sprites/enemy/humanoid/dwarf/dwarflarge.atlas,28,21,0.75,15.75,True,,Medium,1.14,23.9,"humanoid/dwarf folder, named large, moves 52%",True
Elephant,Rare,20,False,sprites/enemy/beast/largemammals/elephant.atlas,28,18,1.5,27.0,True,,Medium,1.33,23.9,beast/largemammals folder,False
Elven Archmage of the Mists,Mythic,48,False,sprites/enemy/mythic/elven_archmage.atlas,44,49,0.45,22.05,True,,Medium,0.49,24.0,"scale x0.45 was a choice - nearest step to 22.1px, life 48",True
Emiel,Uncommon,40,False,sprites/enemy/beast/horse/horsewhite.atlas,47,36,1.0,36.0,True,,Medium,0.67,24.1,beast/horse folder,False
Excava,Rare,20,False,sprites/enemy/beast/horse/horseblack.atlas,47,36,1.0,36.0,True,,Medium,0.67,24.1,beast/horse folder,False
Fallen Angel,Uncommon,20,False,sprites/enemy/celestial/fallen_angel.atlas,32,21,1.0,21.0,True,,Medium,1.14,23.9,art 21px vs 16px person (x1.31),True
Firja,Rare,40,False,sprites/enemy/celestial/fallen_angel.atlas,32,21,1.0,21.0,True,,Medium,1.14,23.9,art 21px vs 16px person (x1.31),True
Ghoul Gravecaller,Rare,20,False,sprites/enemy/undead/ghoullarge.atlas,32,24,0.75,18.0,True,,Medium,1.0,24.0,"undead folder, named large",False
Goblin King,Uncommon,18,False,sprites/enemy/humanoid/goblin/goblinking.atlas,53,43,0.5,21.5,True,,Medium,0.56,24.1,"humanoid/goblin folder, named king",False
Goblin Warlord,Mythic,51,False,sprites/enemy/mythic/goblin_warlord.atlas,41,26,1.0,26.0,True,,Medium,0.92,23.9,"art 26px vs 16px person (x1.62), life 51",True
Gorex,Uncommon,18,False,sprites/enemy/beast/reptile/turtle.atlas,26,14,2.0,28.0,True,,Medium,1.71,23.9,"beast/reptile folder, but scaled x2 on purpose - nearest step to 28px",True
Gorilla,Rare,20,False,sprites/enemy/beast/ape/gorilla.atlas,64,64,0.55,35.2,True,,Medium,0.38,24.3,beast/ape folder,False
Gorm and Virtus,Uncommon,20,False,sprites/enemy/fiend/juggler_2.atlas,16,16,1.5,24.0,True,,Medium,1.5,24.0,scale x1.5 was a choice - nearest step to 24.0px,False
Gornog,Rare,19,False,sprites/enemy/humanoid/minotaur/minotaurlarge.atlas,54,43,0.5,21.5,True,,Medium,0.56,24.1,"humanoid/minotaur folder, named large",False
Grakk,Uncommon,36,False,sprites/enemy/humanoid/orc/orc_brute.atlas,32,37,0.5,18.5,True,,Medium,0.65,24.1,"humanoid/orc folder, named brute",False
Grandmother Sengir,Common,13,False,sprites/enemy/humanoid/human/warlock/witchlarge.atlas,25,25,0.8,20.0,True,,Medium,0.96,24.0,"humanoid/human/warlock folder, named large",False
Greater Sandwurm,Uncommon,13,False,sprites/enemy/monstrosity/sandwurm2.atlas,32,18,1.0,18.0,True,,Medium,1.33,23.9,"art 18px vs 16px person (x1.12), named large",True
Grimgrin,Rare,20,False,sprites/enemy/undead/hulkingbrute.atlas,16,16,1.5,24.0,True,,Medium,1.5,24.0,"undead folder, named king",False
Grumgully,Uncommon,20,False,sprites/enemy/humanoid/goblin/goblinking.atlas,53,43,0.5,21.5,True,,Medium,0.56,24.1,"humanoid/goblin folder, named king",False
Hamza,Uncommon,20,False,sprites/enemy/beast/largemammals/elephant.atlas,28,18,1.0,18.0,True,,Medium,1.33,23.9,beast/largemammals folder,False
Hippo,Rare,19,False,sprites/enemy/beast/largemammals/hippo.atlas,32,32,0.6,19.2,True,,Medium,0.75,24.0,beast/largemammals folder,False
Holy Apparition,Mythic,45,False,sprites/enemy/celestial/seraphim.atlas,32,32,0.8,25.6,True,,Medium,0.75,24.0,"scale x0.8 was a choice - nearest step to 25.6px, life 45",True
Holy Paladin,Rare,27,False,sprites/enemy/humanoid/human/knight/paladin_large.atlas,64,64,0.7,44.8,True,,Medium,0.38,24.3,"humanoid/human/knight folder, named large, moves 46%",True
Horse,Uncommon,14,False,sprites/enemy/beast/horse/horseblack.atlas,47,36,0.5,18.0,True,,Medium,0.67,24.1,beast/horse folder,False
Hulking Skaab,Common,15,False,sprites/enemy/undead/ghoullarge.atlas,32,24,1.0,24.0,True,,Medium,1.0,24.0,"undead folder, named large",False
Hydra,Mythic,46,False,sprites/enemy/monstrosity/hydra.atlas,16,16,1.5,24.0,True,,Medium,1.5,24.0,"scale x1.5 was a choice - nearest step to 24.0px, life 46",True
Ilharg,Mythic,42,False,sprites/enemy/beast/smallmammals/boar.atlas,32,21,2.0,42.0,True,,Medium,1.14,23.9,"beast/smallmammals folder, a boar, moves 43%",True
Immerwolf,Common,15,False,sprites/enemy/beast/largemammals/wolf.atlas,40,40,0.5,20.0,True,,Medium,0.6,24.0,beast/largemammals folder,False
Joven,Common,20,True,sprites/enemy/humanoid/human/bandit/bandit.atlas,21,21,1.0,21.0,True,,Medium,1.14,23.9,"humanoid/human/bandit folder, +1 step for boss",True
Kalamax,Rare,20,False,sprites/enemy/beast/dinosaur/dinosaur_stegosaurus.atlas,32,16,1.5,24.0,True,,Medium,1.5,24.0,scale x1.5 was a choice - nearest step to 24.0px,False
Kamiz,Rare,20,False,sprites/enemy/fiend/aerie_guard.atlas,17,21,1.0,21.0,True,,Medium,1.14,23.9,art 21px vs 16px person (x1.31),True
Karn,Rare,30,False,sprites/enemy/construct/golem.atlas,16,16,1.5,24.0,True,,Medium,1.5,24.0,scale x1.5 was a choice - nearest step to 24.0px,False
Krampus,Uncommon,20,False,sprites/enemy/fiend/krampus.atlas,25,23,1.0,23.0,True,,Medium,1.04,23.9,art 23px vs 16px person (x1.44),True
Krampus (Elite),Uncommon,30,False,sprites/enemy/fiend/abyssalbaron.atlas,16,16,1.4,22.4,True,,Medium,1.5,24.0,scale x1.4 was a choice - nearest step to 22.4px,False
Liesa,Uncommon,30,False,sprites/enemy/celestial/fallen_angel.atlas,32,21,1.0,21.0,True,,Medium,1.14,23.9,art 21px vs 16px person (x1.31),True
Lizardfolk Champion,Uncommon,21,False,sprites/enemy/basic/monster/lizardfolk_champion.atlas,49,50,0.45,22.5,True,,Medium,0.48,24.0,scale x0.45 was a choice - nearest step to 22.5px,False
Lizardfolk Guard,Uncommon,22,False,sprites/enemy/basic/monster/lizardfolk_guard.atlas,35,50,0.45,22.5,True,,Medium,0.48,24.0,scale x0.45 was a choice - nearest step to 22.5px,False
Mageripper,Rare,15,False,sprites/enemy/monstrosity/mageripper.atlas,32,32,0.8,25.6,True,,Medium,0.75,24.0,scale x0.8 was a choice - nearest step to 25.6px,False
Marksman of the Deep Wood,Mythic,48,False,sprites/enemy/mythic/deepwood_marksman.atlas,47,54,0.45,24.3,True,,Medium,0.44,23.8,"scale x0.45 was a choice - nearest step to 24.3px, life 48",True
Minotaur Warcaller,Rare,27,False,sprites/enemy/humanoid/minotaur/minotaurlarge.atlas,54,43,0.5,21.5,True,,Medium,0.56,24.1,"humanoid/minotaur folder, named large",False
Mogis,Rare,40,False,sprites/enemy/humanoid/minotaur/minotaurlarge.atlas,54,43,1.0,43.0,True,,Medium,0.56,24.1,"humanoid/minotaur folder, named large, moves 44%",True
Molfar of the High Peaks,Mythic,47,False,sprites/enemy/mythic/molfar.atlas,41,36,0.6,21.599999999999998,True,,Medium,0.67,24.1,"scale x0.6 was a choice - nearest step to 21.6px, life 47",True
Moraug,Uncommon,29,False,sprites/enemy/humanoid/minotaur/amonkhet_minotaur.atlas,16,15,1.0,15.0,True,,Medium,1.6,24.0,"humanoid/minotaur folder, named minotaur, moves 60%",True
Muxus,Rare,31,False,sprites/enemy/humanoid/goblin/goblinking.atlas,53,43,0.5,21.5,True,,Medium,0.56,24.1,"humanoid/goblin folder, named king",False
Neheb,Mythic,28,False,sprites/enemy/humanoid/minotaur/amonkhet_minotaur.atlas,16,15,1.0,15.0,True,,Medium,1.6,24.0,"humanoid/minotaur folder, named minotaur, moves 60%",True
Ob Nixilis,Uncommon,20,False,sprites/enemy/fiend/archfiend.atlas,32,32,0.75,24.0,True,,Medium,0.75,24.0,scale x0.75 was a choice - nearest step to 24.0px,False
Orc Brute,Rare,18,False,sprites/enemy/humanoid/orc/orc_brute.atlas,32,37,0.65,24.05,True,,Medium,0.65,24.1,"humanoid/orc folder, named brute",False
Orc Warchief,Uncommon,21,False,sprites/enemy/basic/humanoid/orc_warchief.atlas,41,50,0.45,22.5,True,,Medium,0.48,24.0,"basic/humanoid folder, named chief",False
Pir and Toothy,Rare,20,False,sprites/enemy/monstrosity/cosmic_horror.atlas,36,23,1.0,23.0,True,,Medium,1.04,23.9,art 23px vs 16px person (x1.44),True
Polar Bear,Rare,28,False,sprites/enemy/beast/polar/polarbear.atlas,25,19,1.0,19.0,True,,Medium,1.26,23.9,beast/polar folder,False
Primo,Rare,20,False,sprites/enemy/beast/largemammals/wolf.atlas,40,40,1.0,40.0,True,,Medium,0.6,24.0,beast/largemammals folder,False
Quintorius,Rare,20,False,sprites/enemy/beast/largemammals/elephant.atlas,28,18,1.0,18.0,True,,Medium,1.33,23.9,beast/largemammals folder,False
Ragost,Rare,20,False,sprites/enemy/monstrosity/homarid.atlas,64,32,0.75,24.0,True,,Medium,0.75,24.0,scale x0.75 was a choice - nearest step to 24.0px,False
Ratfolk Scavenger,Common,12,False,sprites/enemy/basic/animal/ratfolk_scavenger.atlas,41,45,0.45,20.25,True,,Medium,0.53,23.9,"basic/animal folder, art 45px vs 32px person",True
Regna and Krav,Uncommon,20,False,sprites/enemy/fiend/spikedravager.atlas,16,16,1.5,24.0,True,,Medium,1.5,24.0,scale x1.5 was a choice - nearest step to 24.0px,False
Rhino,Uncommon,16,False,sprites/enemy/beast/largemammals/rhino.atlas,22,16,1.1,17.6,True,,Medium,1.5,24.0,beast/largemammals folder,False
Rodolf,Rare,30,False,sprites/enemy/celestial/peerlesssolar.atlas,32,32,0.7,22.4,True,,Medium,0.75,24.0,scale x0.7 was a choice - nearest step to 22.4px,False
Roon,Uncommon,20,False,sprites/enemy/beast/largemammals/elephant.atlas,28,18,1.0,18.0,True,,Medium,1.33,23.9,beast/largemammals folder,False
Royal King,Rare,24,False,sprites/enemy/humanoid/human/knight/king_large.atlas,64,32,0.7,22.4,True,,Medium,0.75,24.0,"humanoid/human/knight folder, named large",False
Rusalka of the Drowned Mere,Mythic,52,False,sprites/enemy/mythic/rusalka.atlas,39,35,0.6,21.0,True,,Medium,0.69,24.1,"scale x0.6 was a choice - nearest step to 21.0px, life 52",True
Sala,Rare,20,False,sprites/enemy/fiend/aerie_guard.atlas,17,21,1.0,21.0,True,,Medium,1.14,23.9,art 21px vs 16px person (x1.31),True
Sethron,Uncommon,20,False,sprites/enemy/humanoid/minotaur/minotaurlarge.atlas,54,43,0.5,21.5,True,,Medium,0.56,24.1,"humanoid/minotaur folder, named large",False
Shroofus,Uncommon,18,False,sprites/enemy/plant/fungus.atlas,25,25,1.0,25.0,True,,Medium,0.96,24.0,art 25px vs 16px person (x1.56),True
Sidar Jabari,Rare,30,False,sprites/enemy/monstrosity/griffin_2.atlas,16,16,1.5,24.0,True,,Medium,1.5,24.0,scale x1.5 was a choice - nearest step to 24.0px,False
Sunmare,Uncommon,14,False,sprites/enemy/beast/horse/horsearabian.atlas,47,35,0.5,17.5,True,,Medium,0.69,24.1,beast/horse folder,False
Szarel,Rare,20,False,sprites/enemy/fey/xira.atlas,16,16,1.5,24.0,True,,Medium,1.5,24.0,scale x1.5 was a choice - nearest step to 24.0px,False
Tahngarth,Uncommon,18,False,sprites/enemy/humanoid/minotaur/minotaurlarge.atlas,54,43,0.5,21.5,True,,Medium,0.56,24.1,"humanoid/minotaur folder, named large",False
Tayam,Rare,20,False,sprites/enemy/beast/largemammals/wolf.atlas,40,40,1.0,40.0,True,,Medium,0.6,24.0,beast/largemammals folder,False
Tekuthal,Rare,30,False,sprites/enemy/fiend/aerie_guard.atlas,17,21,1.0,21.0,True,,Medium,1.14,23.9,art 21px vs 16px person (x1.31),True
Tevesh Szat,Uncommon,22,False,sprites/enemy/fiend/valyx.atlas,24,24,1.0,24.0,True,,Medium,1.0,24.0,art 24px vs 16px person (x1.50),True
The Reaper,Mythic,50,False,sprites/enemy/mythic/the_reaper.atlas,39,22,1.0,22.0,True,,Medium,1.09,24.0,"art 22px vs 16px person (x1.38), life 50",True
The Unblinking Eye,Mythic,59,False,sprites/enemy/mythic/unblinking_eye.atlas,28,23,1.0,23.0,True,,Medium,1.04,23.9,"art 23px vs 16px person (x1.44), life 59",True
Thraximundar,Uncommon,30,False,sprites/enemy/undead/pestilencelord.atlas,32,32,0.7,22.4,True,,Medium,0.75,24.0,"undead folder, named lord",False
Thurid,Uncommon,18,False,sprites/enemy/beast/horse/horsewhite.atlas,47,36,1.0,36.0,True,,Medium,0.67,24.1,beast/horse folder,False
"Tikbalang, Wild Hunter",Mythic,48,False,sprites/enemy/mythic/tikbalang.atlas,14,25,1.0,25.0,True,,Medium,0.96,24.0,"art 25px vs 16px person (x1.56), life 48",True
Tolsimir,Rare,20,False,sprites/enemy/beast/largemammals/wolf.atlas,40,40,0.5,20.0,True,,Medium,0.6,24.0,beast/largemammals folder,False
Torturer,Rare,30,True,sprites/enemy/humanoid/human/bandit/bandittorturer.atlas,32,32,0.7,22.4,True,,Medium,0.75,24.0,"humanoid/human/bandit folder, boss sized on purpose - nearest step to 22px",True
Troll Warlord,Mythic,52,False,sprites/enemy/mythic/troll_warlord.atlas,44,47,0.5,23.5,True,,Medium,0.51,24.0,"scale x0.5 was a choice - nearest step to 23.5px, life 52",True
Valgavoth,Mythic,50,False,sprites/enemy/fiend/valyx.atlas,24,24,1.0,24.0,True,,Medium,1.0,24.0,"art 24px vs 16px person (x1.50), life 50",True
Valyx Feaster of Torment,Rare,80,True,sprites/enemy/fiend/valyx.atlas,24,24,1.0,24.0,True,,Medium,1.0,24.0,"art 24px vs 16px person (x1.50), tagged humanoid, +1 step for boss",True
Valyx the Tormentor,Rare,30,True,sprites/enemy/fiend/valyx.atlas,24,24,1.0,24.0,True,,Medium,1.0,24.0,"art 24px vs 16px person (x1.50), tagged humanoid, +1 step for boss",True
Varragoth,Rare,33,False,sprites/enemy/fiend/krampus.atlas,25,23,1.0,23.0,True,,Medium,1.04,23.9,art 23px vs 16px person (x1.44),True
Verrak,Rare,30,False,sprites/enemy/celestial/fallen_angel.atlas,32,21,1.0,21.0,True,,Medium,1.14,23.9,art 21px vs 16px person (x1.31),True
Voja,Uncommon,30,False,sprites/enemy/beast/largemammals/wolf.atlas,40,40,0.5,20.0,True,,Medium,0.6,24.0,beast/largemammals folder,False
Wild Boar,Common,13,False,sprites/enemy/basic/animal/wild_boar.atlas,12,17,1.0,17.0,True,,Medium,1.41,24.0,"basic/animal folder, a boar, moves 41%",True
Willowdusk,Rare,20,False,sprites/enemy/humanoid/human/warlock/witchlarge.atlas,25,25,1.0,25.0,True,,Medium,0.96,24.0,"humanoid/human/warlock folder, named large",False
Witch,Uncommon,18,False,sprites/enemy/humanoid/human/warlock/witchlarge.atlas,25,25,0.75,18.75,True,,Medium,0.96,24.0,"humanoid/human/warlock folder, named large",False
Wolf,Mythic,42,False,sprites/enemy/beast/largemammals/wolf.atlas,40,40,0.7,28.0,True,,Medium,0.6,24.0,beast/largemammals folder,False
Wolfgang Eder '03,Uncommon,25,False,sprites/enemy/humanoid/goblin/goblinking.atlas,53,43,1.0,43.0,True,,Medium,0.56,24.1,"humanoid/goblin folder, named king, moves 44%",True
Wort,Rare,20,False,sprites/enemy/humanoid/goblin/goblinking.atlas,53,43,0.5,21.5,True,,Medium,0.56,24.1,"humanoid/goblin folder, named king",False
Xira,Rare,35,True,sprites/enemy/fey/xira.atlas,16,16,1.5,24.0,True,,Medium,1.5,24.0,"scale x1.5 was a choice - nearest step to 24.0px, boss sized on purpose - nearest step to 24px",True
Yarok,Rare,20,False,sprites/enemy/monstrosity/cosmic_horror.atlas,36,23,1.0,23.0,True,,Medium,1.04,23.9,art 23px vs 16px person (x1.44),True
Yorion,Uncommon,20,False,sprites/enemy/dragon/drake.atlas,30,34,1.0,34.0,True,,Medium,0.71,24.1,"dragon folder, a drake",False
Aerie Guard,Rare,18,False,sprites/enemy/fiend/aerie_guard.atlas,17,21,1.0,21.0,True,,Person,0.76,16.0,"art 21px vs 16px person (x1.31), tagged humanoid",True
Amomongo,Uncommon,22,False,sprites/enemy/basic/animal/amomongo.atlas,16,27,1.0,27.0,True,,Person,0.59,15.9,"basic/animal folder, art 27px vs 32px person, moves 41%",True
Amphin Warrior,Uncommon,20,False,sprites/enemy/humanoid/amphin/amphin_warrior.atlas,32,32,0.7,22.4,True,,Person,0.5,16.0,humanoid/amphin folder,False
Ancient Demon,Uncommon,18,False,sprites/enemy/fiend/demon_5.atlas,16,16,1.2,19.2,True,,Person,1.0,16.0,scale x1.2 was a choice - nearest step to 19.2px,False
Angel Overseer,Rare,18,False,sprites/enemy/celestial/angel_2.atlas,16,16,1.2,19.2,True,,Person,1.0,16.0,scale x1.2 was a choice - nearest step to 19.2px,False
Annie Flash,Rare,20,False,sprites/enemy/humanoid/human/artificer/archaeologist.atlas,25,24,0.7,16.799999999999997,True,,Person,0.67,16.1,humanoid/human/artificer folder,False
Ao,Rare,26,False,sprites/enemy/monstrosity/sandwurm2.atlas,32,18,1.0,18.0,True,,Person,0.89,16.0,art 18px vs 16px person (x1.12),True
Apprentice Scribe,Common,12,False,sprites/enemy/basic/humanoid/apprentice_scribe.atlas,50,51,0.45,22.95,True,,Person,0.31,15.8,basic/humanoid folder,False
Archaeologist,Rare,20,False,sprites/enemy/humanoid/human/artificer/archaeologist.atlas,25,24,0.75,18.0,True,,Person,0.67,16.1,humanoid/human/artificer folder,False
Archer Initiate,Common,11,False,sprites/enemy/basic/humanoid/archer_initiate.atlas,45,58,0.45,26.1,True,,Person,0.28,16.2,basic/humanoid folder,False
Archmage,Rare,20,False,sprites/enemy/humanoid/human/wizard/archmage.atlas,32,32,0.65,20.8,True,,Person,0.5,16.0,humanoid/human/wizard folder,False
Archmage of the Tides,Mythic,44,False,sprites/enemy/mythic/archmage_of_tides.atlas,24,17,1.0,17.0,True,,Person,0.94,16.0,art 17px vs 16px person (x1.06),True
Ashcoat,Common,18,False,sprites/enemy/humanoid/nezumi/nezumi_ninja.atlas,20,20,1.0,20.0,True,,Person,0.8,16.0,humanoid/nezumi folder,False
Auramancer,Uncommon,20,False,sprites/enemy/humanoid/elf/deftsorceress.atlas,16,16,1.25,20.0,True,,Person,1.0,16.0,humanoid/elf folder,False
Axe Orc,Common,11,False,sprites/enemy/basic/humanoid/axe_orc.atlas,32,21,0.8,16.8,True,,Person,0.76,16.0,basic/humanoid folder,False
Bandit Archer,Uncommon,15,False,sprites/enemy/humanoid/human/bandit/banditarcher.atlas,22,21,0.7,14.7,True,,Person,0.76,16.0,humanoid/human/bandit folder,False
Bandit Leader,Uncommon,25,False,sprites/enemy/humanoid/human/bandit/banditleader.atlas,32,32,0.8,25.6,True,,Person,0.5,16.0,humanoid/human/bandit folder,False
Bandit Scoundrel,Uncommon,13,False,sprites/enemy/humanoid/human/bandit/bandit.atlas,21,21,0.7,14.7,True,,Person,0.76,16.0,humanoid/human/bandit folder,False
Bandit Slingshot,Rare,20,False,sprites/enemy/humanoid/human/bandit/banditslingshot.atlas,24,26,0.7,18.2,True,,Person,0.62,16.1,humanoid/human/bandit folder,False
Bandit Trapmaster,Rare,20,False,sprites/enemy/humanoid/human/bandit/bandittrapster.atlas,22,23,0.7,16.099999999999998,True,,Person,0.7,16.1,humanoid/human/bandit folder,False
Barbarian,Uncommon,17,False,sprites/enemy/humanoid/human/barbarian/barbarian.atlas,26,30,0.7,21.0,True,,Person,0.53,15.9,humanoid/human/barbarian folder,False
Barnyard Hen,Common,13,False,sprites/enemy/basic/animal/barnyard_hen.atlas,12,28,1.0,28.0,True,,Person,0.57,16.0,"basic/animal folder, art 28px vs 32px person, moves 43%",True
Baron Bertram,Uncommon,30,False,sprites/enemy/undead/vampire_4.atlas,20,22,1.0,22.0,True,,Person,0.73,16.1,undead folder,False
Ben Rubin '98,Common,11,False,sprites/enemy/humanoid/human/barbarian/barbarian.atlas,26,30,1.0,30.0,True,,Person,0.53,15.9,"humanoid/human/barbarian folder, moves 47%",True
Bloodgift Demon,Uncommon,18,False,sprites/enemy/fiend/demon_2.atlas,16,16,1.2,19.2,True,,Person,1.0,16.0,scale x1.2 was a choice - nearest step to 19.2px,False
Boar Knight,Rare,33,False,sprites/enemy/basic/humanoid/boar_knight.atlas,53,45,0.45,20.25,True,,Person,0.36,16.2,basic/humanoid folder,False
Bog Opiven,Mythic,53,False,sprites/enemy/mythic/bog_opiven.atlas,38,33,0.6,19.8,True,,Person,0.48,15.8,"scale x0.6 was a choice - nearest step to 19.8px, life 53",True
Bone Raider,Rare,26,False,sprites/enemy/basic/undead/bone_raider.atlas,28,19,1.0,19.0,True,,Person,0.84,16.0,basic/undead folder,False
Brallin and Shabraz,Uncommon,30,False,sprites/enemy/humanoid/human/bandit/banditarcher.atlas,22,21,0.7,14.7,True,,Person,0.76,16.0,humanoid/human/bandit folder,False
Bungisngis,Uncommon,20,False,sprites/enemy/basic/monster/bungisngis.atlas,16,26,1.0,26.0,True,,Person,0.62,16.1,art 26px vs 32px person (x0.81),True
Busaw,Common,13,False,sprites/enemy/basic/undead/busaw.atlas,16,28,1.0,28.0,True,,Person,0.57,16.0,"basic/undead folder, moves 43%",True
Buwaya,Common,12,False,sprites/enemy/basic/animal/buwaya.atlas,16,28,1.0,28.0,True,,Person,0.57,16.0,"basic/animal folder, art 28px vs 32px person, moves 43%",True
Captain Howler,Uncommon,20,False,sprites/enemy/fiend/cloaker.atlas,96,64,0.3,19.2,True,,Person,0.25,16.0,scale x0.3 was a choice - nearest step to 19.2px,False
Cateran Slaver,Common,13,False,sprites/enemy/fiend/nightmare.atlas,26,26,1.0,26.0,True,,Person,0.62,16.1,"art 26px vs 16px person (x1.62), tagged humanoid",True
Cavalier Captain,Uncommon,22,False,sprites/enemy/basic/humanoid/cavalier_captain.atlas,25,28,1.0,28.0,True,,Person,0.57,16.0,"basic/humanoid folder, moves 43%",True
Cephalid,Rare,25,False,sprites/enemy/aberration/mindflayer.atlas,40,60,0.4,24.0,True,,Person,0.27,16.2,"scale x0.4 was a choice - nearest step to 24.0px, tagged humanoid",False
Chainmail Knight,Common,14,False,sprites/enemy/basic/humanoid/chainmail_knight.atlas,44,51,0.45,22.95,True,,Person,0.31,15.8,basic/humanoid folder,False
Chimera,Rare,25,False,sprites/enemy/aberration/chimera.atlas,28,14,1.0,14.0,True,,Person,1.14,16.0,art 14px vs 16px person (x0.88),True
Chorus of the Conclave,Rare,20,False,sprites/enemy/plant/plant.atlas,16,18,1.0,18.0,True,,Person,0.89,16.0,art 18px vs 16px person (x1.12),True
Clement,Rare,30,False,sprites/enemy/humanoid/viashino/lizardwizard.atlas,36,25,0.7,17.5,True,,Person,0.64,16.0,humanoid/viashino folder,False
Codie,Rare,30,False,sprites/enemy/aberration/eye.atlas,17,17,1.0,17.0,True,,Person,0.94,16.0,art 17px vs 16px person (x1.06),True
Cosmic Horror,Rare,30,False,sprites/enemy/monstrosity/cosmic_horror.atlas,36,23,0.85,19.55,True,,Person,0.7,16.1,"scale x0.85 was a choice - nearest step to 19.6px, tagged humanoid",False
Court Mage,Common,11,False,sprites/enemy/basic/humanoid/court_mage.atlas,24,17,1.0,17.0,True,,Person,0.94,16.0,basic/humanoid folder,False
Crag Hydra of Shandalar,Uncommon,18,False,sprites/enemy/monstrosity/hydra.atlas,16,16,1.2,19.2,True,,Person,1.0,16.0,scale x1.2 was a choice - nearest step to 19.2px,False
Crossbow Marksman,Uncommon,17,False,sprites/enemy/basic/humanoid/crossbow_marksman.atlas,18,14,1.0,14.0,True,,Person,1.14,16.0,basic/humanoid folder,False
Cutpurse,Common,12,False,sprites/enemy/basic/humanoid/cutpurse.atlas,41,51,0.45,22.95,True,,Person,0.31,15.8,basic/humanoid folder,False
Dawnblade Prince,Mythic,51,False,sprites/enemy/mythic/dawnblade_prince.atlas,22,17,1.0,17.0,True,,Person,0.94,16.0,"art 17px vs 16px person (x1.06), life 51",True
Demoncaller,Rare,20,False,sprites/enemy/fiend/krampus.atlas,25,23,0.8,18.400000000000002,True,,Person,0.7,16.1,scale x0.8 was a choice - nearest step to 18.4px,False
Earth Elemental,Common,14,False,sprites/enemy/elemental/earthelemental.atlas,23,18,0.9,16.2,True,,Person,0.89,16.0,"scale x0.9 was a choice - nearest step to 16.2px, tagged humanoid",False
Ekek,Rare,31,False,sprites/enemy/basic/monster/ekek.atlas,22,30,1.0,30.0,True,,Person,0.53,15.9,"art 30px vs 32px person (x0.94), moves 47%",True
Elf Wayfinder,Common,11,False,sprites/enemy/basic/humanoid/elf_wayfinder.atlas,34,55,0.45,24.75,True,,Person,0.29,15.9,basic/humanoid folder,False
Ellivere,Rare,20,False,sprites/enemy/humanoid/human/warrior/warrior.atlas,16,16,1.5,24.0,True,,Person,1.0,16.0,humanoid/human/warrior folder,False
Elven Apprentice,Common,12,False,sprites/enemy/basic/humanoid/elven_apprentice.atlas,44,49,0.45,22.05,True,,Person,0.33,16.2,basic/humanoid folder,False
Elven Magus,Mythic,42,False,sprites/enemy/basic/humanoid/elven_magus.atlas,51,58,0.45,26.1,True,,Person,0.28,16.2,basic/humanoid folder,False
Elven Spellweaver,Uncommon,20,False,sprites/enemy/basic/humanoid/elven_spellweaver.atlas,44,49,0.45,22.05,True,,Person,0.33,16.2,basic/humanoid folder,False
Emperor Mihail,Rare,27,False,sprites/enemy/humanoid/merfolk/naga.atlas,40,40,0.5,20.0,True,,Person,0.4,16.0,humanoid/merfolk folder,False
Eye,Common,11,False,sprites/enemy/aberration/eye.atlas,17,17,0.85,14.45,True,,Person,0.94,16.0,scale x0.85 was a choice - nearest step to 14.4px,False
Farmhand Militia,Common,12,False,sprites/enemy/basic/humanoid/farmhand_militia.atlas,36,49,0.45,22.05,True,,Person,0.33,16.2,basic/humanoid folder,False
Fighting Rooster,Common,13,False,sprites/enemy/basic/animal/fighting_rooster.atlas,12,27,1.0,27.0,True,,Person,0.59,15.9,"basic/animal folder, art 27px vs 32px person, moves 41%",True
Flesh Abomination,Common,32,False,sprites/enemy/monstrosity/flesh_horror.atlas,34,26,0.65,16.900000000000002,True,,Person,0.62,16.1,"scale x0.65 was a choice - nearest step to 16.9px, tagged humanoid",False
Flying Witch,Common,11,False,sprites/enemy/humanoid/human/warlock/flyingwitch.atlas,25,25,0.75,18.75,True,,Person,0.64,16.0,humanoid/human/warlock folder,False
Forge Blacksmith,Common,11,False,sprites/enemy/basic/humanoid/forge_blacksmith.atlas,54,48,0.45,21.6,True,,Person,0.33,15.8,basic/humanoid folder,False
Froghemoth,Rare,25,False,sprites/enemy/aberration/froghemoth.atlas,65,50,0.55,27.500000000000004,True,,Person,0.32,16.0,"scale x0.55 was a choice - nearest step to 27.5px, tagged humanoid, moves 42%",True
Fungus,Common,10,False,sprites/enemy/plant/fungus.atlas,25,25,0.75,18.75,True,,Person,0.64,16.0,scale x0.75 was a choice - nearest step to 18.8px,False
Fynn,Uncommon,21,False,sprites/enemy/humanoid/human/shaman/garruk.atlas,16,16,1.5,24.0,True,,Person,1.0,16.0,humanoid/human/shaman folder,False
Ghired,Rare,20,False,sprites/enemy/humanoid/human/shaman/garruk.atlas,16,16,1.5,24.0,True,,Person,1.0,16.0,humanoid/human/shaman folder,False
Gimbal,Rare,20,False,sprites/enemy/aberration/walkingbrain.atlas,32,20,1.0,20.0,True,,Person,0.8,16.0,art 20px vs 16px person (x1.25),True
Gladiator,Mythic,52,False,sprites/enemy/humanoid/human/warrior/gladiator.atlas,20,28,1.0,28.0,True,,Person,0.57,16.0,"humanoid/human/warrior folder, life 52, moves 43%",True
Goblin Artificer,Rare,27,False,sprites/enemy/humanoid/goblin/goblin_bomber.atlas,20,20,0.75,15.0,True,,Person,0.8,16.0,humanoid/goblin folder,False
Goblin Cutthroat,Common,13,False,sprites/enemy/basic/humanoid/goblin_cutthroat.atlas,39,24,1.0,24.0,True,,Person,0.67,16.1,basic/humanoid folder,False
Goblin Reaver,Uncommon,17,False,sprites/enemy/basic/humanoid/goblin_reaver.atlas,37,23,1.0,23.0,True,,Person,0.7,16.1,basic/humanoid folder,False
Goblin Shieldbearer,Common,12,False,sprites/enemy/basic/humanoid/goblin_shieldbearer.atlas,47,53,0.45,23.85,True,,Person,0.3,15.9,basic/humanoid folder,False
Goblin Skulker,Common,11,False,sprites/enemy/basic/humanoid/goblin_skulker.atlas,47,53,0.45,23.85,True,,Person,0.3,15.9,basic/humanoid folder,False
Golgari Fungus,Uncommon,16,False,sprites/enemy/plant/fungus_golgari.atlas,25,25,0.75,18.75,True,,Person,0.64,16.0,scale x0.75 was a choice - nearest step to 18.8px,False
Grand Arbiter,Rare,30,False,sprites/enemy/humanoid/human/wizard/archmage.atlas,32,32,0.75,24.0,True,,Person,0.5,16.0,humanoid/human/wizard folder,False
Greasefang,Rare,20,False,sprites/enemy/humanoid/nezumi/nezumi_berserker.atlas,24,24,1.0,24.0,True,,Person,0.67,16.1,humanoid/nezumi folder,False
Grey Scholar,Common,12,False,sprites/enemy/basic/humanoid/grey_scholar.atlas,50,51,0.45,22.95,True,,Person,0.31,15.8,basic/humanoid folder,False
Hakbal,Rare,30,False,sprites/enemy/humanoid/viashino/lizardwizard.atlas,36,25,1.0,25.0,True,,Person,0.64,16.0,humanoid/viashino folder,False
Halberd Veteran,Uncommon,19,False,sprites/enemy/basic/humanoid/halberd_veteran.atlas,25,19,1.0,19.0,True,,Person,0.84,16.0,basic/humanoid folder,False
Harald,Rare,30,False,sprites/enemy/humanoid/human/warrior/gladiator.atlas,20,28,1.0,28.0,True,,Person,0.57,16.0,"humanoid/human/warrior folder, moves 43%",True
Hedge Villager,Common,12,False,sprites/enemy/basic/humanoid/hedge_villager.atlas,35,51,0.45,22.95,True,,Person,0.31,15.8,basic/humanoid folder,False
Hex Witch,Common,11,False,sprites/enemy/basic/humanoid/hex_witch.atlas,14,27,1.0,27.0,True,,Person,0.59,15.9,"basic/humanoid folder, moves 41%",True
Hexcaller Warlock,Common,12,False,sprites/enemy/basic/humanoid/hexcaller_warlock.atlas,42,23,1.0,23.0,True,,Person,0.7,16.1,basic/humanoid folder,False
Honest Rutstein,Rare,30,False,sprites/enemy/humanoid/human/artificer/archaeologist.atlas,25,24,0.7,16.799999999999997,True,,Person,0.67,16.1,humanoid/human/artificer folder,False
Hooded Archer,Common,12,False,sprites/enemy/basic/humanoid/hooded_archer.atlas,45,58,0.45,26.1,True,,Person,0.28,16.2,basic/humanoid folder,False
Hooded Skulk,Common,12,False,sprites/enemy/basic/humanoid/hooded_skulk.atlas,44,56,0.45,25.2,True,,Person,0.29,16.2,basic/humanoid folder,False
Human Captain,Rare,20,False,sprites/enemy/humanoid/human/knight/braveknight.atlas,16,16,1.25,20.0,True,,Person,1.0,16.0,humanoid/human/knight folder,False
Jared,Rare,50,False,sprites/enemy/humanoid/human/barbarian/barbarian.atlas,26,30,1.0,30.0,True,,Person,0.53,15.9,"humanoid/human/barbarian folder, life 50, moves 47%",True
Jellyfish,Uncommon,12,False,sprites/enemy/beast/ocean/jellyfish.atlas,13,20,0.75,15.0,True,,Person,0.8,16.0,scale x0.75 was a choice - nearest step to 15.0px,False
Jodah,Mythic,100,False,sprites/enemy/humanoid/conjurer.atlas,32,32,0.8,25.6,True,,Person,0.5,16.0,"humanoid folder, life 100",True
Joven and Chandler,Rare,28,False,sprites/enemy/humanoid/human/bandit/banditslingshot.atlas,24,26,1.0,26.0,True,,Person,0.62,16.1,humanoid/human/bandit folder,False
Kamahl,Rare,22,False,sprites/enemy/humanoid/human/shaman/garruk.atlas,16,16,1.5,24.0,True,,Person,1.0,16.0,humanoid/human/shaman folder,False
Katipunero Firebrand,Uncommon,18,False,sprites/enemy/basic/humanoid/katipunero_firebrand.atlas,44,46,0.5,23.0,True,,Person,0.35,16.1,basic/humanoid folder,False
Katipunero Marine,Uncommon,22,False,sprites/enemy/basic/humanoid/katipunero_marine.atlas,44,46,0.5,23.0,True,,Person,0.35,16.1,basic/humanoid folder,False
Katipunero Scout,Uncommon,20,False,sprites/enemy/basic/humanoid/katipunero_scout.atlas,44,46,0.5,23.0,True,,Person,0.35,16.1,basic/humanoid folder,False
Kaust,Rare,20,False,sprites/enemy/plant/plant.atlas,16,18,1.0,18.0,True,,Person,0.89,16.0,art 18px vs 16px person (x1.12),True
Kazarov,Uncommon,30,False,sprites/enemy/undead/vampire_4.atlas,20,22,1.0,22.0,True,,Person,0.73,16.1,undead folder,False
Kellan,Uncommon,20,False,sprites/enemy/humanoid/human/artificer/archaeologist.atlas,25,24,0.7,16.799999999999997,True,,Person,0.67,16.1,humanoid/human/artificer folder,False
Kirol,Rare,30,False,sprites/enemy/humanoid/human/bandit/bandittrapster.atlas,22,23,1.0,23.0,True,,Person,0.7,16.1,humanoid/human/bandit folder,False
Knight Bowman,Uncommon,19,False,sprites/enemy/basic/humanoid/knight_bowman.atlas,42,51,0.45,22.95,True,,Person,0.31,15.8,basic/humanoid folder,False
Knight Commander,Rare,26,False,sprites/enemy/basic/humanoid/knight_commander.atlas,44,51,0.45,22.95,True,,Person,0.31,15.8,basic/humanoid folder,False
Knight Longbowman,Uncommon,19,False,sprites/enemy/basic/humanoid/knight_longbowman.atlas,42,51,0.45,22.95,True,,Person,0.31,15.8,basic/humanoid folder,False
Knight Sharpshooter,Rare,31,False,sprites/enemy/basic/humanoid/knight_sharpshooter.atlas,42,51,0.45,22.95,True,,Person,0.31,15.8,basic/humanoid folder,False
Kobold Dragoncaller,Rare,12,False,sprites/enemy/humanoid/kobold/kobolddragoncaller.atlas,32,32,0.75,24.0,True,,Person,0.5,16.0,humanoid/kobold folder,False
Kobold Pyromancer,Uncommon,20,False,sprites/enemy/humanoid/kobold/koboldpyromancer.atlas,32,20,0.75,15.0,True,,Person,0.8,16.0,humanoid/kobold folder,False
Kobold Shaman,Common,12,False,sprites/enemy/humanoid/kobold/koboldshaman.atlas,32,20,0.75,15.0,True,,Person,0.8,16.0,humanoid/kobold folder,False
Kobold Slinger,Rare,12,False,sprites/enemy/humanoid/kobold/koboldslinger.atlas,24,20,0.75,15.0,True,,Person,0.8,16.0,humanoid/kobold folder,False
Kobold Trapmaster,Uncommon,12,False,sprites/enemy/humanoid/kobold/koboldtrapmaster.atlas,20,22,0.75,16.5,True,,Person,0.73,16.1,humanoid/kobold folder,False
Kobold Warrior,Rare,12,False,sprites/enemy/humanoid/kobold/koboldwarrior.atlas,25,28,0.75,21.0,True,,Person,0.57,16.0,humanoid/kobold folder,False
Kobold Worker,Rare,12,False,sprites/enemy/humanoid/kobold/koboldworker.atlas,22,20,0.75,15.0,True,,Person,0.8,16.0,humanoid/kobold folder,False
Kolyog,Uncommon,19,False,sprites/enemy/basic/elemental/kolyog.atlas,16,26,1.0,26.0,True,,Person,0.62,16.1,art 26px vs 32px person (x0.81),True
Krenko,Rare,31,False,sprites/enemy/humanoid/goblin/slobad.atlas,100,50,0.5,25.0,True,,Person,0.32,16.0,humanoid/goblin folder,False
Kresh,Rare,30,False,sprites/enemy/humanoid/human/barbarian/barbarian.atlas,26,30,1.0,30.0,True,,Person,0.53,15.9,"humanoid/human/barbarian folder, moves 47%",True
Levy Spearman,Common,12,False,sprites/enemy/basic/humanoid/levy_spearman.atlas,23,17,1.0,17.0,True,,Person,0.94,16.0,basic/humanoid folder,False
Levy Swordsman,Common,11,False,sprites/enemy/basic/humanoid/levy_swordsman.atlas,28,18,1.0,18.0,True,,Person,0.89,16.0,basic/humanoid folder,False
Loam Dryad,Common,7,False,sprites/enemy/plant/plant.atlas,16,18,1.0,18.0,True,,Person,0.89,16.0,art 18px vs 16px person (x1.12),True
Longbow Yeoman,Common,12,False,sprites/enemy/basic/humanoid/longbow_yeoman.atlas,20,17,1.0,17.0,True,,Person,0.94,16.0,basic/humanoid folder,False
Maelstrom Angel,Rare,33,False,sprites/enemy/celestial/maelstrom_angel.atlas,32,32,0.8,25.6,True,,Person,0.5,16.0,"scale x0.8 was a choice - nearest step to 25.6px, tagged humanoid",False
Magma Fire Elemental,Common,11,False,sprites/enemy/elemental/magmafireelemental.atlas,20,20,1.0,20.0,True,,Person,0.8,16.0,art 20px vs 16px person (x1.25),True
Malakat,Uncommon,24,False,sprites/enemy/basic/monster/malakat.atlas,14,26,1.0,26.0,True,,Person,0.62,16.1,art 26px vs 32px person (x0.81),True
Malcolm and Breeches,Uncommon,20,False,sprites/enemy/humanoid/goblin/goblin_bomber.atlas,20,20,1.0,20.0,True,,Person,0.8,16.0,humanoid/goblin folder,False
Manananggal,Rare,26,False,sprites/enemy/basic/monster/manananggal.atlas,22,30,1.0,30.0,True,,Person,0.53,15.9,"art 30px vs 32px person (x0.94), moves 47%",True
Market Trader,Uncommon,20,False,sprites/enemy/basic/humanoid/market_trader.atlas,50,56,0.45,25.2,True,,Person,0.29,16.2,basic/humanoid folder,False
Marrow-Gnawer,Uncommon,33,False,sprites/enemy/humanoid/nezumi/nezumi_berserker.atlas,24,24,1.0,24.0,True,,Person,0.67,16.1,humanoid/nezumi folder,False
Merfolk Elite,Rare,25,False,sprites/enemy/humanoid/merfolk/naga.atlas,40,40,0.75,30.0,True,,Person,0.4,16.0,"humanoid/merfolk folder, moves 47%",True
Mighty Djinn,Rare,24,False,sprites/enemy/elemental/genie.atlas,45,35,0.6,21.0,True,,Person,0.46,16.1,"scale x0.6 was a choice - nearest step to 21.0px, tagged humanoid",False
Mizzix,Uncommon,20,False,sprites/enemy/humanoid/goblin/goblin_bomber.atlas,20,20,1.0,20.0,True,,Person,0.8,16.0,humanoid/goblin folder,False
Mm'menon,Uncommon,18,False,sprites/enemy/beast/ocean/jellyfish.atlas,13,20,1.0,20.0,True,,Person,0.8,16.0,art 20px vs 16px person (x1.25),True
Morska,Rare,20,False,sprites/enemy/humanoid/merfolk/naga.atlas,40,40,0.5,20.0,True,,Person,0.4,16.0,humanoid/merfolk folder,False
Mountain Ogre,Rare,19,False,sprites/enemy/monstrosity/ogre_large.atlas,64,64,0.6,38.4,True,,Person,0.25,16.0,"scale x0.6 was a choice - nearest step to 38.4px, tagged humanoid, moves 58%",True
Mulawin Warrior,Uncommon,19,False,sprites/enemy/basic/humanoid/mulawin_warrior.atlas,36,38,0.5,19.0,True,,Person,0.42,16.0,basic/humanoid folder,False
Mummy,Common,11,False,sprites/enemy/undead/mummy.atlas,32,20,0.7,14.0,True,,Person,0.8,16.0,undead folder,False
Mysterious Mage,Common,1,False,sprites/enemy/humanoid/conjurer.atlas,32,32,0.8,25.6,True,,Person,0.5,16.0,humanoid folder,False
Nantuko Guard,Rare,25,False,sprites/enemy/humanoid/nantuko/deadlymantis.atlas,32,32,0.6,19.2,True,,Person,0.5,16.0,humanoid/nantuko folder,False
Nashi,Uncommon,20,False,sprites/enemy/humanoid/nezumi/nezumi_ninja.atlas,20,20,1.0,20.0,True,,Person,0.8,16.0,humanoid/nezumi folder,False
Necrogoyf,Mythic,53,False,sprites/enemy/monstrosity/shardsoul_slayer.atlas,34,36,0.6,21.599999999999998,True,,Person,0.44,15.8,"scale x0.6 was a choice - nearest step to 21.6px, tagged humanoid, life 53",True
Nezahal,Uncommon,30,False,sprites/enemy/monstrosity/sandwurm2.atlas,32,18,1.0,18.0,True,,Person,0.89,16.0,art 18px vs 16px person (x1.12),True
Nezumi Leader,Uncommon,30,False,sprites/enemy/humanoid/nezumi/nezumi_berserker.atlas,24,24,0.75,18.0,True,,Person,0.67,16.1,humanoid/nezumi folder,False
Nezumi Ninja,Uncommon,15,False,sprites/enemy/humanoid/nezumi/nezumi_ninja.atlas,20,20,0.75,15.0,True,,Person,0.8,16.0,humanoid/nezumi folder,False
Nightmare,Mythic,30,False,sprites/enemy/fiend/nightmare.atlas,26,26,0.65,16.900000000000002,True,,Person,0.62,16.1,"scale x0.65 was a choice - nearest step to 16.9px, tagged humanoid",False
Obosh,Uncommon,20,False,sprites/enemy/monstrosity/sandwurm2.atlas,32,18,1.0,18.0,True,,Person,0.89,16.0,art 18px vs 16px person (x1.12),True
Obuun,Uncommon,20,False,sprites/enemy/undead/shade.atlas,37,52,0.5,26.0,True,,Person,0.31,16.1,undead folder,False
Obzedat,Uncommon,20,False,sprites/enemy/undead/shade.atlas,37,52,0.8,41.6,True,,Person,0.31,16.1,"undead folder, moves 61%",True
Orc Deathcaller,Rare,32,False,sprites/enemy/basic/humanoid/orc_deathcaller.atlas,47,49,0.45,22.05,True,,Person,0.33,16.2,basic/humanoid folder,False
Orc Hunter,Rare,18,False,sprites/enemy/humanoid/orc/orc_hunter.atlas,26,28,0.7,19.599999999999998,True,,Person,0.57,16.0,humanoid/orc folder,False
Orc Raider,Common,11,False,sprites/enemy/basic/humanoid/orc_raider.atlas,41,46,0.45,20.7,True,,Person,0.35,16.1,basic/humanoid folder,False
Orc Warrior,Rare,18,False,sprites/enemy/humanoid/orc/orc_warrior.atlas,32,26,0.7,18.2,True,,Person,0.62,16.1,humanoid/orc folder,False
Outrider,Uncommon,22,False,sprites/enemy/basic/humanoid/outrider.atlas,25,28,1.0,28.0,True,,Person,0.57,16.0,"basic/humanoid folder, moves 43%",True
Pantlaza,Rare,30,False,sprites/enemy/beast/dinosaur/dinosaur_raptor.atlas,20,17,1.0,17.0,True,,Person,0.94,16.0,art 17px vs 16px person (x1.06),True
Pharaoh,Rare,25,False,sprites/enemy/undead/pharaoh.atlas,34,36,0.5,18.0,True,,Person,0.44,15.8,undead folder,False
Plant,Uncommon,15,False,sprites/enemy/plant/plant.atlas,16,18,0.8,14.4,True,,Person,0.89,16.0,scale x0.8 was a choice - nearest step to 14.4px,False
Plate Knight,Uncommon,22,False,sprites/enemy/basic/humanoid/plate_knight.atlas,44,51,0.45,22.95,True,,Person,0.31,15.8,basic/humanoid folder,False
Plumed Knight,Uncommon,22,False,sprites/enemy/basic/humanoid/plumed_knight.atlas,32,23,0.8,18.400000000000002,True,,Person,0.7,16.1,basic/humanoid folder,False
Pyromancer,Common,12,False,sprites/enemy/humanoid/human/shaman/pyromancer.atlas,22,22,0.75,16.5,True,,Person,0.73,16.1,humanoid/human/shaman folder,False
Queza,Rare,20,False,sprites/enemy/aberration/mindflayer.atlas,40,60,0.3,18.0,True,,Person,0.27,16.2,scale x0.3 was a choice - nearest step to 18.0px,False
Rahilda,Uncommon,22,False,sprites/enemy/humanoid/human/rogue/rogue.atlas,16,16,1.5,24.0,True,,Person,1.0,16.0,humanoid/human/rogue folder,False
Ranger of the Wood,Rare,30,False,sprites/enemy/basic/humanoid/ranger_of_the_wood.atlas,45,49,0.45,22.05,True,,Person,0.33,16.2,basic/humanoid folder,False
Raptor,Uncommon,20,False,sprites/enemy/beast/dinosaur/dinosaur_raptor.atlas,20,17,0.9,15.3,True,,Person,0.94,16.0,scale x0.9 was a choice - nearest step to 15.3px,False
Roalesk,Uncommon,20,False,sprites/enemy/humanoid/viashino/lizardwizard.atlas,36,25,1.0,25.0,True,,Person,0.64,16.0,humanoid/viashino folder,False
Rograkh and Ardenn,Uncommon,20,False,sprites/enemy/humanoid/kobold/koboldwarrior.atlas,25,28,1.0,28.0,True,,Person,0.57,16.0,"humanoid/kobold folder, moves 43%",True
Rohgahh,Uncommon,20,False,sprites/enemy/humanoid/kobold/koboldshaman.atlas,32,20,1.0,20.0,True,,Person,0.8,16.0,humanoid/kobold folder,False
Rootha,Rare,20,False,sprites/enemy/humanoid/orc/orc_warrior.atlas,32,26,0.7,18.2,True,,Person,0.62,16.1,humanoid/orc folder,False
Rosnakht,Common,12,False,sprites/enemy/humanoid/kobold/koboldworker.atlas,22,20,1.0,20.0,True,,Person,0.8,16.0,humanoid/kobold folder,False
Sanar,Common,30,False,sprites/enemy/humanoid/goblin/goblin_bomber.atlas,20,20,1.0,20.0,True,,Person,0.8,16.0,humanoid/goblin folder,False
Santelmo,Rare,26,False,sprites/enemy/basic/elemental/santelmo.atlas,18,27,1.0,27.0,True,,Person,0.59,15.9,"art 27px vs 32px person (x0.84), moves 41%",True
Scourgemaster,Rare,33,False,sprites/enemy/fiend/scourgemaster.atlas,32,32,0.8,25.6,True,,Person,0.5,16.0,"scale x0.8 was a choice - nearest step to 25.6px, tagged humanoid",False
Shade,Uncommon,22,False,sprites/enemy/undead/shade.atlas,37,52,0.45,23.400000000000002,True,,Person,0.31,16.1,undead folder,False
Shauku,Rare,34,False,sprites/enemy/undead/shade.atlas,37,52,0.5,26.0,True,,Person,0.31,16.1,undead folder,False
Shieldmaiden,Uncommon,22,False,sprites/enemy/basic/humanoid/shieldmaiden.atlas,47,49,0.45,22.05,True,,Person,0.33,16.2,basic/humanoid folder,False
Shieldmaiden Captain,Uncommon,22,False,sprites/enemy/basic/humanoid/shieldmaiden_captain.atlas,47,50,0.45,22.5,True,,Person,0.32,16.0,basic/humanoid folder,False
Shieldmaiden Paragon,Rare,34,False,sprites/enemy/basic/humanoid/shieldmaiden_paragon.atlas,49,50,0.45,22.5,True,,Person,0.32,16.0,basic/humanoid folder,False
Shieldmaiden Recruit,Common,13,False,sprites/enemy/basic/humanoid/shieldmaiden_recruit.atlas,47,49,0.45,22.05,True,,Person,0.33,16.2,basic/humanoid folder,False
Shieldwall Sergeant,Uncommon,20,False,sprites/enemy/basic/humanoid/shieldwall_sergeant.atlas,28,18,1.0,18.0,True,,Person,0.89,16.0,basic/humanoid folder,False
Shu Yun,Uncommon,20,False,sprites/enemy/humanoid/human/shaman/pyromancer.atlas,22,22,1.0,22.0,True,,Person,0.73,16.1,humanoid/human/shaman folder,False
Sidisi,Uncommon,20,False,sprites/enemy/humanoid/merfolk/naga.atlas,40,40,0.5,20.0,True,,Person,0.4,16.0,humanoid/merfolk folder,False
Simic Wizard,Rare,20,False,sprites/enemy/humanoid/viashino/lizardwizard.atlas,36,25,0.6,15.0,True,,Person,0.64,16.0,humanoid/viashino folder,False
Sirena,Uncommon,19,False,sprites/enemy/basic/humanoid/sirena.atlas,16,25,1.0,25.0,True,,Person,0.64,16.0,basic/humanoid folder,False
"Sirena, Tide-Singer",Mythic,50,False,sprites/enemy/mythic/sirena_tidesinger.atlas,40,34,0.5,17.0,True,,Person,0.47,16.0,"scale x0.5 was a choice - nearest step to 17.0px, life 50",True
Six,Rare,27,False,sprites/enemy/plant/plant.atlas,16,18,1.0,18.0,True,,Person,0.89,16.0,art 18px vs 16px person (x1.12),True
Skullbriar,Uncommon,20,False,sprites/enemy/undead/unholyskull.atlas,16,18,1.0,18.0,True,,Person,0.89,16.0,undead folder,False
Squee,Uncommon,19,False,sprites/enemy/humanoid/goblin/goblin_bomber.atlas,20,20,1.0,20.0,True,,Person,0.8,16.0,humanoid/goblin folder,False
Squire-at-Arms,Common,13,False,sprites/enemy/basic/humanoid/squire_at_arms.atlas,41,51,0.45,22.95,True,,Person,0.31,15.8,basic/humanoid folder,False
Stegosaurus,Uncommon,12,False,sprites/enemy/beast/dinosaur/dinosaur_stegosaurus.atlas,32,16,1.2,19.2,True,,Person,1.0,16.0,scale x1.2 was a choice - nearest step to 19.2px,False
Supreme Elemental,Rare,18,False,sprites/enemy/elemental/magicelemental.atlas,16,16,1.2,19.2,True,,Person,1.0,16.0,scale x1.2 was a choice - nearest step to 19.2px,False
Syokoy,Common,11,False,sprites/enemy/basic/humanoid/syokoy.atlas,16,26,1.0,26.0,True,,Person,0.62,16.1,basic/humanoid folder,False
Taong Tuod,Rare,31,False,sprites/enemy/basic/monster/taong_tuod.atlas,17,24,1.0,24.0,True,,Person,0.67,16.1,art 24px vs 32px person (x0.75),True
Tersa,Common,13,False,sprites/enemy/humanoid/orc/orc_hunter.atlas,26,28,0.7,19.599999999999998,True,,Person,0.57,16.0,humanoid/orc folder,False
The Cheff,Rare,50,True,sprites/enemy/humanoid/halfling/korred.atlas,32,32,0.6,19.2,True,,Person,0.5,16.0,"humanoid/halfling folder, boss sized on purpose - nearest step to 19px",True
The Ivory Sovereign,Mythic,51,False,sprites/enemy/mythic/ivory_sovereign.atlas,16,14,1.0,14.0,True,,Person,1.14,16.0,"art 14px vs 16px person (x0.88), life 51",True
The Jolly Balloon Man,Rare,30,False,sprites/enemy/humanoid/human/bandit/banditslingshot.atlas,24,26,0.8,20.8,True,,Person,0.62,16.1,humanoid/human/bandit folder,False
Tibalt,Rare,40,True,sprites/enemy/fiend/tibalt.atlas,16,16,1.2,19.2,True,,Person,1.0,16.0,"scale x1.2 was a choice - nearest step to 19.2px, boss sized on purpose - nearest step to 19px",True
Timothar,Rare,28,False,sprites/enemy/undead/vampire_4.atlas,20,22,1.0,22.0,True,,Person,0.73,16.1,undead folder,False
Toralf,Mythic,42,False,sprites/enemy/humanoid/dwarf/dwarf_5.atlas,16,16,1.5,24.0,True,,Person,1.0,16.0,humanoid/dwarf folder,False
Tovolar,Uncommon,30,False,sprites/enemy/humanoid/human/warrior/gladiator.atlas,20,28,1.0,28.0,True,,Person,0.57,16.0,"humanoid/human/warrior folder, moves 43%",True
Ulrich,Rare,20,False,sprites/enemy/humanoid/human/warrior/antlered_elite.atlas,16,16,1.5,24.0,True,,Person,1.0,16.0,humanoid/human/warrior folder,False
Umbris,Rare,20,False,sprites/enemy/undead/shade.atlas,37,52,0.5,26.0,True,,Person,0.31,16.1,undead folder,False
Undead Goblin,Uncommon,20,False,sprites/enemy/undead/goblinzombie.atlas,32,24,0.8,19.200000000000003,True,,Person,0.67,16.1,undead folder,False
Unholy Skull,Rare,20,False,sprites/enemy/undead/unholyskull.atlas,16,18,1.0,18.0,True,,Person,0.89,16.0,undead folder,False
Vadmir,Common,1,False,sprites/enemy/humanoid/human/artificer/archaeologist.atlas,25,24,1.0,24.0,True,,Person,0.67,16.1,humanoid/human/artificer folder,False
Valentin,Uncommon,20,False,sprites/enemy/undead/vampire_4.atlas,20,22,1.0,22.0,True,,Person,0.73,16.1,undead folder,False
Varina,Rare,20,False,sprites/enemy/undead/pharaoh.atlas,34,36,0.75,27.0,True,,Person,0.44,15.8,"undead folder, moves 41%",True
Village Defender,Common,12,False,sprites/enemy/basic/humanoid/village_defender.atlas,32,34,0.5,17.0,True,,Person,0.47,16.0,basic/humanoid folder,False
Vnwxt,Uncommon,20,False,sprites/enemy/aberration/eye.atlas,17,17,1.0,17.0,True,,Person,0.94,16.0,art 17px vs 16px person (x1.06),True
Vren,Uncommon,20,False,sprites/enemy/humanoid/nezumi/nezumi_berserker.atlas,24,24,1.0,24.0,True,,Person,0.67,16.1,humanoid/nezumi folder,False
Wandering Brawler,Common,11,False,sprites/enemy/basic/humanoid/wandering_brawler.atlas,41,52,0.45,23.400000000000002,True,,Person,0.31,16.1,basic/humanoid folder,False
Water Elemental,Common,12,False,sprites/enemy/elemental/waterelemental_3.atlas,16,21,1.0,21.0,True,,Person,0.76,16.0,"art 21px vs 16px person (x1.31), tagged humanoid",True
Wick,Uncommon,20,False,sprites/enemy/humanoid/nezumi/nezumi_ninja.atlas,20,20,1.0,20.0,True,,Person,0.8,16.0,humanoid/nezumi folder,False
Wolfkin Outcast,Common,13,False,sprites/enemy/humanoid/human/bandit/banditslingshot.atlas,24,26,0.6,15.6,True,,Person,0.62,16.1,humanoid/human/bandit folder,False
Woodland Rover,Common,13,False,sprites/enemy/basic/humanoid/woodland_rover.atlas,12,14,1.0,14.0,True,,Person,1.14,16.0,basic/humanoid folder,False
Yosei,Uncommon,18,False,sprites/enemy/monstrosity/sandwurm2.atlas,32,18,1.0,18.0,True,,Person,0.89,16.0,art 18px vs 16px person (x1.12),True
Yuma,Rare,30,False,sprites/enemy/humanoid/human/artificer/archaeologist.atlas,25,24,0.7,16.799999999999997,True,,Person,0.67,16.1,humanoid/human/artificer folder,False
Zurgo,Rare,30,False,sprites/enemy/humanoid/orc/orc_warrior.atlas,32,26,1.0,26.0,True,,Person,0.62,16.1,humanoid/orc folder,False
Abigale,Rare,30,False,sprites/enemy/beast/bird/owl.atlas,15,13,1.0,13.0,False,"critter, deliberate",Critter,0.92,12.0,beast/bird folder,False
Antlered Rascal,Common,13,False,sprites/enemy/basic/demon/antlered_rascal.atlas,16,16,1.0,16.0,False,on grid,Critter,0.75,12.0,art 16px vs 32px person (x0.50),True
Armadillo,Rare,20,False,sprites/enemy/beast/smallmammals/armadillo.atlas,28,16,0.7,11.2,False,"critter, deliberate",Critter,0.75,12.0,beast/smallmammals folder,False
Arthur,Rare,30,False,sprites/enemy/beast/smallmammals/mouse.atlas,32,16,1.0,16.0,False,on grid,Critter,0.75,12.0,beast/smallmammals folder,False
Badger,Uncommon,19,False,sprites/enemy/beast/smallmammals/badger.atlas,22,16,0.8,12.8,False,"critter, deliberate",Critter,0.75,12.0,beast/smallmammals folder,False
Balmor,Rare,30,False,sprites/enemy/beast/bird/owl.atlas,15,13,1.0,13.0,False,"critter, deliberate",Critter,0.92,12.0,beast/bird folder,False
Bat,Common,15,False,sprites/enemy/beast/smallmammals/bat.atlas,16,16,0.8,12.8,False,"critter, deliberate",Critter,0.75,12.0,beast/smallmammals folder,False
Baylen,Rare,30,False,sprites/enemy/beast/smallmammals/rabbit.atlas,32,32,1.0,32.0,False,on grid,Critter,0.38,12.2,"beast/smallmammals folder, moves 62%",True
Bello,Rare,30,False,sprites/enemy/beast/smallmammals/raccoon.atlas,24,16,1.0,16.0,False,on grid,Critter,0.75,12.0,beast/smallmammals folder,False
Blinded Grimlock,Common,13,False,sprites/enemy/basic/monster/blinded_grimlock.atlas,16,16,1.0,16.0,False,on grid,Critter,0.75,12.0,art 16px vs 32px person (x0.50),True
Bloodshot Eye,Common,13,False,sprites/enemy/basic/monster/bloodshot_eye.atlas,16,16,1.0,16.0,False,on grid,Critter,0.75,12.0,art 16px vs 32px person (x0.50),True
Brawny Ogre,Common,13,False,sprites/enemy/basic/monster/brawny_ogre.atlas,16,16,1.0,16.0,False,on grid,Critter,0.75,12.0,art 16px vs 32px person (x0.50),True
Breena,Rare,20,False,sprites/enemy/beast/bird/owl.atlas,15,13,1.0,13.0,False,"critter, deliberate",Critter,0.92,12.0,beast/bird folder,False
Buxton,Rare,20,False,sprites/enemy/beast/smallmammals/rabbit.atlas,32,32,1.0,32.0,False,on grid,Critter,0.38,12.2,"beast/smallmammals folder, moves 62%",True
Byrke,Rare,20,False,sprites/enemy/beast/smallmammals/rabbit.atlas,32,32,1.0,32.0,False,on grid,Critter,0.38,12.2,"beast/smallmammals folder, moves 62%",True
Caracal,Common,17,False,sprites/enemy/beast/cat/caracal.atlas,25,15,0.8,12.0,False,"critter, deliberate",Critter,0.8,12.0,beast/cat folder,False
Cat,Uncommon,10,False,sprites/enemy/beast/cat/cat.atlas,16,16,0.7,11.2,False,"critter, deliberate",Critter,0.75,12.0,beast/cat folder,False
Cave Spider,Rare,18,False,sprites/enemy/beast/arachnid/spider_cave.atlas,20,16,0.8,12.8,False,"critter, deliberate",Critter,0.75,12.0,beast/arachnid folder,False
Chatterfang,Rare,50,False,sprites/enemy/beast/smallmammals/squirrel.atlas,32,32,1.0,32.0,False,on grid,Critter,0.38,12.2,"beast/smallmammals folder, life 50, moves 62%",True
Clawed Abomination,Uncommon,19,False,sprites/enemy/basic/demon/clawed_abomination.atlas,16,16,1.0,16.0,False,on grid,Critter,0.75,12.0,art 16px vs 32px person (x0.50),True
Clucking Chicken,Common,9,False,sprites/enemy/basic/animal/clucking_chicken.atlas,16,16,1.0,16.0,False,on grid,Critter,0.75,12.0,"basic/animal folder, art 16px vs 32px person",True
Commander Eesha,Uncommon,20,False,sprites/enemy/beast/bird/falcon.atlas,14,16,1.0,16.0,False,on grid,Critter,0.75,12.0,beast/bird folder,False
Coral Crab,Uncommon,16,False,sprites/enemy/basic/animal/coral_crab.atlas,16,16,1.0,16.0,False,on grid,Critter,0.75,12.0,"basic/animal folder, art 16px vs 32px person",True
Crimson Imp,Common,12,False,sprites/enemy/basic/demon/crimson_imp.atlas,16,16,1.0,16.0,False,on grid,Critter,0.75,12.0,art 16px vs 32px person (x0.50),True
Crimson Slaad,Uncommon,21,False,sprites/enemy/basic/monster/crimson_slaad.atlas,16,16,1.0,16.0,False,on grid,Critter,0.75,12.0,art 16px vs 32px person (x0.50),True
Croaking Toad,Common,9,False,sprites/enemy/basic/animal/croaking_toad.atlas,16,16,1.0,16.0,False,on grid,Critter,0.75,12.0,"basic/animal folder, art 16px vs 32px person",True
Crushing Cyclops,Rare,32,False,sprites/enemy/basic/monster/crushing_cyclops.atlas,16,16,1.0,16.0,False,on grid,Critter,0.75,12.0,art 16px vs 32px person (x0.50),True
Dainty Pig,Uncommon,23,False,sprites/enemy/basic/animal/dainty_pig.atlas,16,16,1.0,16.0,False,on grid,Critter,0.75,12.0,"basic/animal folder, art 16px vs 32px person",True
Death Slime,Rare,34,False,sprites/enemy/basic/monster/death_slime.atlas,16,16,1.0,16.0,False,on grid,Critter,0.75,12.0,art 16px vs 32px person (x0.50),True
Depraved Blackguard,Rare,30,False,sprites/enemy/basic/demon/depraved_blackguard.atlas,16,16,1.0,16.0,False,on grid,Critter,0.75,12.0,art 16px vs 32px person (x0.50),True
Devil,Common,10,False,sprites/enemy/fiend/imp.atlas,16,16,1.0,16.0,False,on grid,Critter,0.75,12.0,"art 16px vs 16px person (x1.00), tagged small",True
Devil of Tibalt,Rare,28,False,sprites/enemy/fiend/implarge.atlas,16,16,1.0,16.0,False,on grid,Critter,0.75,12.0,"art 16px vs 16px person (x1.00), tagged small",True
Dog,Common,11,False,sprites/enemy/beast/smallmammals/dog.atlas,18,16,0.75,12.0,False,"critter, deliberate",Critter,0.75,12.0,beast/smallmammals folder,False
Dragonfly,Rare,14,False,sprites/enemy/beast/insect/dragonfly.atlas,22,20,0.5,10.0,False,"critter, deliberate",Critter,0.6,12.0,beast/insect folder,False
Euru,Rare,30,False,sprites/enemy/beast/smallmammals/squirrel.atlas,32,32,1.0,32.0,False,on grid,Critter,0.38,12.2,"beast/smallmammals folder, moves 62%",True
Falcon,Common,12,False,sprites/enemy/beast/bird/falcon.atlas,14,16,1.0,16.0,False,on grid,Critter,0.75,12.0,beast/bird folder,False
Finneas,Uncommon,20,False,sprites/enemy/beast/smallmammals/rabbit.atlas,32,32,1.0,32.0,False,on grid,Critter,0.38,12.2,"beast/smallmammals folder, moves 62%",True
Fledgling Demon,Uncommon,19,False,sprites/enemy/basic/demon/fledgling_demon.atlas,16,16,1.0,16.0,False,on grid,Critter,0.75,12.0,art 16px vs 32px person (x0.50),True
Floating Eye,Uncommon,20,False,sprites/enemy/basic/demon/floating_eye.atlas,16,16,1.0,16.0,False,on grid,Critter,0.75,12.0,art 16px vs 32px person (x0.50),True
Foul Gouger,Uncommon,22,False,sprites/enemy/basic/demon/foul_gouger.atlas,16,16,1.0,16.0,False,on grid,Critter,0.75,12.0,art 16px vs 32px person (x0.50),True
Fungal Myconid,Common,13,False,sprites/enemy/basic/monster/fungal_myconid.atlas,16,16,1.0,16.0,False,on grid,Critter,0.75,12.0,art 16px vs 32px person (x0.50),True
Geonid Death-Cap,Common,11,False,sprites/enemy/aberration/geonid.atlas,16,16,0.75,12.0,False,"critter, deliberate",Critter,0.75,12.0,scale x0.75 was a choice - nearest step to 12.0px,False
Gev,Uncommon,20,False,sprites/enemy/beast/smallmammals/gecko.atlas,64,32,0.3,9.6,False,"critter, deliberate",Critter,0.38,12.2,beast/smallmammals folder,False
Grinning Gremlin,Common,11,False,sprites/enemy/basic/demon/grinning_gremlin.atlas,16,16,1.0,16.0,False,on grid,Critter,0.75,12.0,art 16px vs 32px person (x0.50),True
Hazel,Rare,30,False,sprites/enemy/beast/smallmammals/squirrel.atlas,32,32,1.0,32.0,False,on grid,Critter,0.38,12.2,"beast/smallmammals folder, moves 62%",True
Hedge Slime,Common,12,False,sprites/enemy/basic/monster/hedge_slime.atlas,22,10,1.0,10.0,False,"critter, deliberate",Critter,1.2,12.0,art 10px vs 32px person (x0.31),True
Honking Goose,Common,9,False,sprites/enemy/basic/animal/honking_goose.atlas,16,16,1.0,16.0,False,on grid,Critter,0.75,12.0,"basic/animal folder, art 16px vs 32px person",True
Hugs,Rare,20,False,sprites/enemy/beast/smallmammals/badger.atlas,22,16,1.0,16.0,False,on grid,Critter,0.75,12.0,beast/smallmammals folder,False
Humongous Ettin,Mythic,48,False,sprites/enemy/basic/monster/humongous_ettin.atlas,16,16,1.0,16.0,False,on grid,Critter,0.75,12.0,"art 16px vs 32px person (x0.50), life 48",True
Imp,Common,10,False,sprites/enemy/fiend/imp.atlas,16,16,1.0,16.0,False,on grid,Critter,0.75,12.0,"art 16px vs 16px person (x1.00), tagged small",True
Kastral,Uncommon,30,False,sprites/enemy/beast/bird/raven.atlas,25,16,1.0,16.0,False,on grid,Critter,0.75,12.0,beast/bird folder,False
Kitsa,Uncommon,45,False,sprites/enemy/beast/smallmammals/weasel.atlas,32,32,1.0,32.0,False,on grid,Critter,0.38,12.2,"beast/smallmammals folder, life 45, moves 62%",True
Kwain,Rare,40,False,sprites/enemy/beast/smallmammals/rabbit.atlas,32,32,1.0,32.0,False,on grid,Critter,0.38,12.2,"beast/smallmammals folder, moves 62%",True
Ladybug,Uncommon,21,False,sprites/enemy/beast/insect/ladybug.atlas,16,16,0.5,8.0,False,"critter, deliberate",Critter,0.75,12.0,"beast/insect folder, moves 50%",True
Leaping Frog,Common,9,False,sprites/enemy/basic/animal/leaping_frog.atlas,16,16,1.0,16.0,False,on grid,Critter,0.75,12.0,"basic/animal folder, art 16px vs 32px person",True
Mabel,Uncommon,30,False,sprites/enemy/beast/smallmammals/mouse.atlas,32,16,1.0,16.0,False,on grid,Critter,0.75,12.0,beast/smallmammals folder,False
Meowing Cat,Common,9,False,sprites/enemy/basic/animal/meowing_cat.atlas,16,16,1.0,16.0,False,on grid,Critter,0.75,12.0,"basic/animal folder, art 16px vs 32px person",True
Mill Mole,Mythic,49,False,sprites/enemy/beast/smallmammals/nakedmolerat.atlas,32,32,1.0,32.0,False,on grid,Critter,0.38,12.2,"beast/smallmammals folder, life 49, moves 62%",True
Mire Troll,Uncommon,20,False,sprites/enemy/basic/monster/mire_troll.atlas,16,16,1.0,16.0,False,on grid,Critter,0.75,12.0,art 16px vs 32px person (x0.50),True
Ms. Bumbleflower,Rare,30,False,sprites/enemy/beast/smallmammals/rabbit.atlas,32,32,1.0,32.0,False,on grid,Critter,0.38,12.2,"beast/smallmammals folder, moves 62%",True
Murky Slaad,Rare,34,False,sprites/enemy/basic/monster/murky_slaad.atlas,16,16,1.0,16.0,False,on grid,Critter,0.75,12.0,art 16px vs 32px person (x0.50),True
Nefarious Scamp,Rare,30,False,sprites/enemy/basic/demon/nefarious_scamp.atlas,16,16,1.0,16.0,False,on grid,Critter,0.75,12.0,art 16px vs 32px person (x0.50),True
Ochre Jelly,Common,13,False,sprites/enemy/basic/monster/ochre_jelly.atlas,16,16,1.0,16.0,False,on grid,Critter,0.75,12.0,art 16px vs 32px person (x0.50),True
Octopus,Rare,13,False,sprites/enemy/beast/ocean/octopus.atlas,16,16,0.75,12.0,False,"critter, deliberate",Critter,0.75,12.0,scale x0.75 was a choice - nearest step to 12.0px,False
Ocular Watcher,Rare,34,False,sprites/enemy/basic/monster/ocular_watcher.atlas,16,16,1.0,16.0,False,on grid,Critter,0.75,12.0,art 16px vs 32px person (x0.50),True
Ooze,Uncommon,12,False,sprites/enemy/ooze/ooze.atlas,16,12,0.6,7.199999999999999,False,"critter, deliberate",Critter,1.0,12.0,"ooze folder, moves 67%",True
Orange Mushroomling,Uncommon,20,False,sprites/enemy/basic/monster/orange_mushroomling.atlas,26,24,0.5,12.0,False,"critter, deliberate",Critter,0.5,12.0,scale x0.5 was a choice - nearest step to 12.0px,False
Owl,Uncommon,13,False,sprites/enemy/beast/bird/owl.atlas,15,13,0.75,9.75,False,"critter, deliberate",Critter,0.92,12.0,beast/bird folder,False
Pasturing Sheep,Uncommon,16,False,sprites/enemy/basic/animal/pasturing_sheep.atlas,16,16,1.0,16.0,False,on grid,Critter,0.75,12.0,"basic/animal folder, art 16px vs 32px person",True
Phelia,Uncommon,20,False,sprites/enemy/beast/smallmammals/dog.atlas,18,16,1.0,16.0,False,on grid,Critter,0.75,12.0,beast/smallmammals folder,False
Pit Balor,Rare,30,False,sprites/enemy/basic/demon/pit_balor.atlas,16,16,1.0,16.0,False,on grid,Critter,0.75,12.0,art 16px vs 32px person (x0.50),True
Pointed Demonspawn,Common,13,False,sprites/enemy/basic/demon/pointed_demonspawn.atlas,16,16,1.0,16.0,False,on grid,Critter,0.75,12.0,art 16px vs 32px person (x0.50),True
Preston,Uncommon,39,False,sprites/enemy/beast/smallmammals/rabbit.atlas,32,32,1.0,32.0,False,on grid,Critter,0.38,12.2,"beast/smallmammals folder, moves 62%",True
Raccoon,Rare,20,False,sprites/enemy/beast/smallmammals/raccoon.atlas,24,16,0.7,11.2,False,"critter, deliberate",Critter,0.75,12.0,beast/smallmammals folder,False
Rascally Demonling,Uncommon,20,False,sprites/enemy/basic/demon/rascally_demonling.atlas,16,16,1.0,16.0,False,on grid,Critter,0.75,12.0,art 16px vs 32px person (x0.50),True
Raven,Uncommon,12,False,sprites/enemy/beast/bird/raven.atlas,25,16,0.7,11.2,False,"critter, deliberate",Critter,0.75,12.0,beast/bird folder,False
Red Cap,Common,13,False,sprites/enemy/basic/monster/red_cap.atlas,16,16,1.0,16.0,False,on grid,Critter,0.75,12.0,art 16px vs 32px person (x0.50),True
Rin and Seri,Rare,30,False,sprites/enemy/beast/smallmammals/dog.atlas,18,16,1.0,16.0,False,on grid,Critter,0.75,12.0,beast/smallmammals folder,False
Scarab,Common,21,False,sprites/enemy/beast/insect/scarab.atlas,22,16,0.75,12.0,False,"critter, deliberate",Critter,0.75,12.0,beast/insect folder,False
Scriv,Rare,20,False,sprites/enemy/beast/bird/owl.atlas,15,13,1.0,13.0,False,"critter, deliberate",Critter,0.92,12.0,beast/bird folder,False
Shrieker Mushroom,Common,13,False,sprites/enemy/basic/monster/shrieker_mushroom.atlas,16,16,1.0,16.0,False,on grid,Critter,0.75,12.0,art 16px vs 32px person (x0.50),True
Sigbin,Uncommon,19,False,sprites/enemy/basic/animal/sigbin.atlas,14,16,1.0,16.0,False,on grid,Critter,0.75,12.0,"basic/animal folder, art 16px vs 32px person",True
Skewering Stalker,Uncommon,22,False,sprites/enemy/basic/demon/skewering_stalker.atlas,16,16,1.0,16.0,False,on grid,Critter,0.75,12.0,art 16px vs 32px person (x0.50),True
Skrelv,Common,13,False,sprites/enemy/beast/arachnid/spider_cave.atlas,20,16,1.0,16.0,False,on grid,Critter,0.75,12.0,beast/arachnid folder,False
Slow Turtle,Uncommon,16,False,sprites/enemy/basic/animal/slow_turtle.atlas,16,16,1.0,16.0,False,on grid,Critter,0.75,12.0,"basic/animal folder, art 16px vs 32px person",True
Snake,Rare,12,False,sprites/enemy/beast/reptile/big_snake.atlas,16,16,1.0,16.0,False,on grid,Critter,0.75,12.0,beast/reptile folder,False
Spider,Rare,14,False,sprites/enemy/beast/arachnid/spider_black.atlas,16,16,1.0,16.0,False,on grid,Critter,0.75,12.0,beast/arachnid folder,False
Spikey Porcupine,Uncommon,16,False,sprites/enemy/basic/animal/spikey_porcupine.atlas,16,16,1.0,16.0,False,on grid,Critter,0.75,12.0,"basic/animal folder, art 16px vs 32px person",True
Stinky Skunk,Common,9,False,sprites/enemy/basic/animal/stinky_skunk.atlas,16,16,1.0,16.0,False,on grid,Critter,0.75,12.0,"basic/animal folder, art 16px vs 32px person",True
Stone Troll,Uncommon,22,False,sprites/enemy/basic/monster/stone_troll.atlas,16,16,1.0,16.0,False,on grid,Critter,0.75,12.0,art 16px vs 32px person (x0.50),True
Stray Cat,Common,13,False,sprites/enemy/beast/cat/cat.atlas,16,16,0.8,12.8,False,"critter, deliberate",Critter,0.75,12.0,beast/cat folder,False
Tainted Scoundrel,Common,12,False,sprites/enemy/basic/demon/tainted_scoundrel.atlas,16,16,1.0,16.0,False,on grid,Critter,0.75,12.0,art 16px vs 32px person (x0.50),True
The Infamous Cruelclaw,Rare,30,False,sprites/enemy/beast/smallmammals/weasel.atlas,32,32,1.0,32.0,False,on grid,Critter,0.38,12.2,"beast/smallmammals folder, moves 62%",True
Tiny Chick,Common,9,False,sprites/enemy/basic/animal/tiny_chick.atlas,16,16,1.0,16.0,False,on grid,Critter,0.75,12.0,"basic/animal folder, art 16px vs 32px person",True
Toski,Uncommon,31,False,sprites/enemy/beast/smallmammals/squirrel.atlas,32,32,1.0,32.0,False,on grid,Critter,0.38,12.2,"beast/smallmammals folder, moves 62%",True
Turtle,Uncommon,21,False,sprites/enemy/beast/reptile/turtle.atlas,26,14,0.8,11.200000000000001,False,"critter, deliberate",Critter,0.86,12.0,beast/reptile folder,False
Vega,Rare,30,False,sprites/enemy/beast/bird/owl.atlas,15,13,1.0,13.0,False,"critter, deliberate",Critter,0.92,12.0,beast/bird folder,False
Viper,Common,15,False,sprites/enemy/beast/reptile/big_snake_2.atlas,16,16,1.0,16.0,False,on grid,Critter,0.75,12.0,beast/reptile folder,False
Vulture,Common,11,False,sprites/enemy/beast/bird/vulture.atlas,32,22,0.6,13.2,False,"critter, deliberate",Critter,0.55,12.1,beast/bird folder,False
Warp Skull,Rare,28,False,sprites/enemy/basic/demon/warp_skull.atlas,16,16,1.0,16.0,False,on grid,Critter,0.75,12.0,art 16px vs 32px person (x0.50),True
Watcher in the Web,Common,13,False,sprites/enemy/beast/arachnid/spider_black.atlas,16,16,1.0,16.0,False,on grid,Critter,0.75,12.0,beast/arachnid folder,False
Worm,Common,11,False,sprites/enemy/beast/insect/smallworm.atlas,24,16,1.0,16.0,False,on grid,Critter,0.75,12.0,beast/insect folder,False
Yoshimaru,Rare,31,False,sprites/enemy/beast/smallmammals/dog.atlas,18,16,1.0,16.0,False,on grid,Critter,0.75,12.0,beast/smallmammals folder,False
Zabaz,Rare,20,False,sprites/enemy/beast/insect/wasp.atlas,27,32,1.0,32.0,False,on grid,Critter,0.38,12.2,"beast/insect folder, moves 62%",True
Zoraline,Rare,30,False,sprites/enemy/beast/smallmammals/bat.atlas,16,16,1.0,16.0,False,on grid,Critter,0.75,12.0,beast/smallmammals folder,False
Aclazotz,Uncommon,21,False,sprites/enemy/beast/smallmammals/bat.atlas,16,16,3.0,48.0,False,on grid,Huge,3.0,48.0,"beast/smallmammals folder, but scaled x3 on purpose - nearest step to 48px",True
Akawalli,Common,20,False,sprites/enemy/plant/fungus_golgari.atlas,25,25,2.0,50.0,False,already huge,Huge,1.92,48.0,scale x2 was a choice - nearest step to 50.0px,False
Akroma,Mythic,40,True,sprites/enemy/celestial/akroma.atlas,32,32,3.0,96.0,False,on grid,Huge,1.5,48.0,"scale x3 was a choice - nearest step to 96.0px, tagged humanoid, boss sized on purpose - nearest step to 96px, moves 50%",True
Animar,Rare,40,False,sprites/enemy/plant/treant_2.atlas,16,16,4.0,64.0,False,on grid,Huge,3.0,48.0,scale x4 was a choice - nearest step to 64.0px,False
Anzrag,Rare,20,False,sprites/enemy/beast/smallmammals/nakedmolerat.atlas,32,32,3.0,96.0,False,on grid,Huge,1.5,48.0,"beast/smallmammals folder, but scaled x3 on purpose - nearest step to 96px, moves 50%",True
Arasta,Rare,39,False,sprites/enemy/beast/arachnid/spider_black.atlas,16,16,3.0,48.0,False,on grid,Huge,3.0,48.0,"beast/arachnid folder, but scaled x3 on purpose - nearest step to 48px",True
Arcane Golem,Mythic,25,False,sprites/enemy/construct/arcane_golem.atlas,96,96,0.5,48.0,False,on grid,Huge,0.5,48.0,scale x0.5 was a choice - nearest step to 48.0px,False
Arixmethes,Rare,30,False,sprites/enemy/beast/reptile/turtle.atlas,26,14,4.0,56.0,False,already huge,Huge,3.43,48.0,"beast/reptile folder, but scaled x4 on purpose - nearest step to 56px",True
Arzakon,Uncommon,200,False,sprites/enemy/fiend/scourgemaster.atlas,32,32,3.0,96.0,False,on grid,Huge,1.5,48.0,"scale x3 was a choice - nearest step to 96.0px, life 200, moves 50%",True
"Arzakon, Shandalar's Doom",Uncommon,200,True,sprites/enemy/fiend/scourgemaster.atlas,32,32,2.0,64.0,False,on grid,Huge,1.5,48.0,"scale x2 was a choice - nearest step to 64.0px, boss sized on purpose - nearest step to 64px",True
Azlask,Rare,50,False,sprites/enemy/aberration/eldrazi/eldrazi_2.atlas,64,64,2.0,128.0,False,on grid,Huge,0.75,48.0,"scale x2 was a choice - nearest step to 128.0px, life 50, moves 62%",True
Blech,Uncommon,20,False,sprites/enemy/aberration/gianttoad.atlas,128,96,0.5,48.0,False,on grid,Huge,0.5,48.0,"scale x0.5 was a choice - nearest step to 48.0px, named large",False
Charix,Uncommon,31,False,sprites/enemy/beast/ocean/crab.atlas,20,16,4.0,64.0,False,on grid,Huge,3.0,48.0,scale x4 was a choice - nearest step to 64.0px,False
Child of Alara,Mythic,50,False,sprites/enemy/celestial/seraphim.atlas,32,32,2.0,64.0,False,on grid,Huge,1.5,48.0,"scale x2 was a choice - nearest step to 64.0px, life 50",True
Cromat,Rare,50,False,sprites/enemy/monstrosity/sandwurm.atlas,32,20,3.0,60.0,False,already huge,Huge,2.4,48.0,"scale x3 was a choice - nearest step to 60.0px, life 50",True
Eirdu,Rare,80,False,sprites/enemy/monstrosity/androsphinx.atlas,32,32,2.5,80.0,False,on grid,Huge,1.5,48.0,"scale x2.5 was a choice - nearest step to 80.0px, life 80",True
Eldrazi Devastator,Rare,30,False,sprites/enemy/aberration/eldrazi/eldrazi_large.atlas,32,32,1.0,32.0,False,on grid,Huge,1.5,48.0,"art 32px vs 16px person (x2.00), named large, moves 50%",True
Eluge,Mythic,43,False,sprites/enemy/monstrosity/kavu.atlas,16,16,3.0,48.0,False,on grid,Huge,3.0,48.0,scale x3 was a choice - nearest step to 48.0px,False
Emrakul,Rare,100,True,sprites/enemy/aberration/emrakul.atlas,64,64,1.5,96.0,False,on grid,Huge,0.75,48.0,"scale x1.5 was a choice - nearest step to 96.0px, boss sized on purpose - nearest step to 96px, moves 50%",True
"Emrakul, the Aeons Torn",Rare,70,False,sprites/enemy/aberration/emrakul.atlas,64,64,2.0,128.0,False,on grid,Huge,0.75,48.0,"scale x2 was a choice - nearest step to 128.0px, life 70, moves 62%",True
"Gaea, the Worldsoul",Uncommon,60,True,sprites/enemy/plant/hiddenbush.atlas,46,48,1.0,48.0,False,on grid,Huge,1.0,48.0,"art 48px vs 16px person (x3.00), +1 step for boss",True
Gargos,Mythic,41,False,sprites/enemy/monstrosity/hydra_large.atlas,32,32,1.5,48.0,False,on grid,Huge,1.5,48.0,"scale x1.5 was a choice - nearest step to 48.0px, named large",False
Ghalta,Rare,40,True,sprites/enemy/beast/dinosaur/ghalta.atlas,32,32,2.5,80.0,False,on grid,Huge,1.5,48.0,"scale x2.5 was a choice - nearest step to 80.0px, boss sized on purpose - nearest step to 80px",True
Gishath,Rare,40,False,sprites/enemy/beast/dinosaur/ancient_2.atlas,16,16,3.0,48.0,False,on grid,Huge,3.0,48.0,scale x3 was a choice - nearest step to 48.0px,False
Go-Shintai,Rare,40,False,sprites/enemy/construct/golem_green.atlas,16,16,3.0,48.0,False,on grid,Huge,3.0,48.0,scale x3 was a choice - nearest step to 48.0px,False
Gorma,Rare,20,False,sprites/enemy/aberration/froghemoth.atlas,65,50,1.0,50.0,False,already huge,Huge,0.96,48.0,art 50px vs 16px person (x3.12),True
Griselbrand,Rare,40,True,sprites/enemy/fiend/griselbrand.atlas,32,32,3.0,96.0,False,on grid,Huge,1.5,48.0,"scale x3 was a choice - nearest step to 96.0px, boss sized on purpose - nearest step to 96px, moves 50%",True
Grolnok,Uncommon,50,True,sprites/enemy/aberration/gianttoad.atlas,128,96,0.5,48.0,False,on grid,Huge,0.5,48.0,"scale x0.5 was a choice - nearest step to 48.0px, named large, boss sized on purpose - nearest step to 48px",True
Guardian Angel,Mythic,50,True,sprites/enemy/celestial/akroma.atlas,32,32,1.0,32.0,False,on grid,Huge,1.5,48.0,"art 32px vs 16px person (x2.00), +1 step for boss, moves 50%",True
Gyrus,Uncommon,30,False,sprites/enemy/monstrosity/hydra_large.atlas,32,32,1.0,32.0,False,on grid,Huge,1.5,48.0,"art 32px vs 16px person (x2.00), named large, moves 50%",True
Infinite Guideline Station,Rare,30,False,sprites/enemy/construct/juggernaut.atlas,32,32,2.0,64.0,False,on grid,Huge,1.5,48.0,scale x2 was a choice - nearest step to 64.0px,False
Ishkanah,Rare,30,False,sprites/enemy/beast/arachnid/spider_purple.atlas,16,16,3.0,48.0,False,on grid,Huge,3.0,48.0,"beast/arachnid folder, but scaled x3 on purpose - nearest step to 48px",True
Karona (Boss),Rare,80,True,sprites/enemy/aberration/sliver_queen.atlas,64,64,1.0,64.0,False,on grid,Huge,0.75,48.0,"art 64px vs 16px person (x4.00), named large, +1 step for boss",True
Kazuul,Uncommon,17,False,sprites/enemy/monstrosity/ogre_large.atlas,64,64,1.0,64.0,False,on grid,Huge,0.75,48.0,"art 64px vs 16px person (x4.00), named large",True
Klothys,Rare,50,False,sprites/enemy/fiend/warden_2.atlas,16,16,3.0,48.0,False,on grid,Huge,3.0,48.0,"scale x3 was a choice - nearest step to 48.0px, life 50",True
Kogla (Boss),Common,25,True,sprites/enemy/beast/ape/gorilla.atlas,64,64,1.0,64.0,False,on grid,Huge,0.75,48.0,"beast/ape folder, named large, +1 step for boss",True
Koma,Rare,40,False,sprites/enemy/beast/reptile/big_snake.atlas,16,16,4.0,64.0,False,on grid,Huge,3.0,48.0,"beast/reptile folder, but scaled x4 on purpose - nearest step to 64px",True
"Kozilek, Butcher of Truth",Rare,70,False,sprites/enemy/aberration/eldrazi/kozilek.atlas,64,80,2.0,160.0,False,on grid,Huge,0.6,48.0,"scale x2 was a choice - nearest step to 160.0px, life 70, moves 70%",True
Lathliss,Mythic,40,True,sprites/enemy/dragon/lathiss.atlas,32,32,2.5,80.0,False,on grid,Huge,1.5,48.0,"dragon folder, boss sized on purpose - nearest step to 80px",True
Lorthos,Rare,40,True,sprites/enemy/monstrosity/lorthos.atlas,32,32,3.5,112.0,False,on grid,Huge,1.5,48.0,"scale x3.5 was a choice - nearest step to 112.0px, boss sized on purpose - nearest step to 112px, moves 57%",True
Maha,Rare,28,False,sprites/enemy/beast/bird/owl.atlas,15,13,4.0,52.0,False,already huge,Huge,3.69,48.0,"beast/bird folder, but scaled x4 on purpose - nearest step to 52px",True
Mitotic Ultimus,Rare,26,False,sprites/enemy/ooze/giant_slime.atlas,64,40,1.5,60.0,False,already huge,Huge,1.2,48.0,"ooze folder, but scaled x1.5 on purpose - nearest step to 60px",True
Muldrotha,Rare,30,False,sprites/enemy/elemental/waterelemental_3.atlas,16,21,3.0,63.0,False,already huge,Huge,2.29,48.1,scale x3 was a choice - nearest step to 63.0px,False
Nemata,Uncommon,30,False,sprites/enemy/plant/fungus_golgari.atlas,25,25,2.0,50.0,False,already huge,Huge,1.92,48.0,scale x2 was a choice - nearest step to 50.0px,False
Nephilim Epochal,Rare,100,False,sprites/enemy/aberration/eldrazi/eldrazi_2.atlas,64,64,1.0,64.0,False,on grid,Huge,0.75,48.0,"art 64px vs 16px person (x4.00), life 100",True
O-Kagachi,Rare,40,False,sprites/enemy/monstrosity/hydra_large.atlas,32,32,1.5,48.0,False,on grid,Huge,1.5,48.0,"scale x1.5 was a choice - nearest step to 48.0px, named large",False
Ovika,Uncommon,30,False,sprites/enemy/aberration/phyrexian/furnacegoblin.atlas,16,16,3.0,48.0,False,on grid,Huge,3.0,48.0,scale x3 was a choice - nearest step to 48.0px,False
Progenitus,Mythic,50,False,sprites/enemy/monstrosity/hydra_large.atlas,32,32,2.0,64.0,False,on grid,Huge,1.5,48.0,"scale x2 was a choice - nearest step to 64.0px, named large, life 50",True
Raffine,Rare,30,False,sprites/enemy/monstrosity/androsphinx.atlas,32,32,1.5,48.0,False,on grid,Huge,1.5,48.0,scale x1.5 was a choice - nearest step to 48.0px,False
Reaper King,Rare,40,False,sprites/enemy/construct/scarecrow.atlas,16,16,3.0,48.0,False,on grid,Huge,3.0,48.0,scale x3 was a choice - nearest step to 48.0px,False
Rikala,Uncommon,60,False,sprites/enemy/monstrosity/homarid.atlas,64,32,2.0,64.0,False,on grid,Huge,1.5,48.0,"scale x2 was a choice - nearest step to 64.0px, life 60",True
Salacinder and Soot,Rare,60,False,sprites/enemy/monstrosity/basilisk_3.atlas,16,16,3.0,48.0,False,on grid,Huge,3.0,48.0,"scale x3 was a choice - nearest step to 48.0px, life 60",True
Shorikai,Rare,30,False,sprites/enemy/construct/arcane_golem.atlas,96,96,0.5,48.0,False,on grid,Huge,0.5,48.0,scale x0.5 was a choice - nearest step to 48.0px,False
Slimefoot,Uncommon,40,True,sprites/enemy/plant/slimefoot.atlas,96,96,0.7,67.19999999999999,False,already huge,Huge,0.5,48.0,"scale x0.7 was a choice - nearest step to 67.2px, boss sized on purpose - nearest step to 67px",True
Sliver Gravemother,Rare,40,False,sprites/enemy/aberration/sliver_white.atlas,16,16,4.0,64.0,False,on grid,Huge,3.0,48.0,scale x4 was a choice - nearest step to 64.0px,False
Sliver Hivelord,Rare,40,False,sprites/enemy/aberration/sliver_green.atlas,16,16,4.0,64.0,False,on grid,Huge,3.0,48.0,scale x4 was a choice - nearest step to 64.0px,False
Sliver Legion,Rare,40,False,sprites/enemy/aberration/sliver_red.atlas,16,16,4.0,64.0,False,on grid,Huge,3.0,48.0,scale x4 was a choice - nearest step to 64.0px,False
Sliver Overlord,Rare,40,False,sprites/enemy/aberration/sliver.atlas,16,16,4.0,64.0,False,on grid,Huge,3.0,48.0,scale x4 was a choice - nearest step to 64.0px,False
Sliver Queen,Rare,50,True,sprites/enemy/aberration/sliver_queen.atlas,64,64,1.0,64.0,False,on grid,Huge,0.75,48.0,"art 64px vs 16px person (x4.00), +1 step for boss",True
Sliver Weftwinder,Rare,40,False,sprites/enemy/aberration/sliver_blue.atlas,16,16,4.0,64.0,False,on grid,Huge,3.0,48.0,scale x4 was a choice - nearest step to 64.0px,False
Terrian,Uncommon,32,False,sprites/enemy/ooze/oozeboss.atlas,16,16,3.0,48.0,False,on grid,Huge,3.0,48.0,"ooze folder, but scaled x3 on purpose - nearest step to 48px",True
The Dawning Archaic,Rare,40,False,sprites/enemy/aberration/eldrazi/eldrazi_large.atlas,32,32,2.0,64.0,False,on grid,Huge,1.5,48.0,"scale x2 was a choice - nearest step to 64.0px, named large",False
The First Sliver,Rare,50,False,sprites/enemy/aberration/sliverexperiment.atlas,16,16,4.0,64.0,False,on grid,Huge,3.0,48.0,"scale x4 was a choice - nearest step to 64.0px, life 50",True
The Gitrog Monster,Rare,50,False,sprites/enemy/aberration/gianttoad.atlas,128,96,1.0,96.0,False,on grid,Huge,0.5,48.0,"art 96px vs 16px person (x6.00), named large, life 50, moves 50%",True
The Hydra of Shandalaar,Rare,30,True,sprites/enemy/monstrosity/hydra_large.atlas,32,32,1.0,32.0,False,on grid,Huge,1.5,48.0,"art 32px vs 16px person (x2.00), named large, +1 step for boss, moves 50%",True
The Mimeoplasm,Rare,40,False,sprites/enemy/ooze/giant_slime.atlas,64,40,2.0,80.0,False,on grid,Huge,1.2,48.0,"ooze folder, but scaled x2 on purpose - nearest step to 80px",True
The Mycotyrant,Uncommon,30,False,sprites/enemy/plant/slimefoot.atlas,96,96,1.0,96.0,False,on grid,Huge,0.5,48.0,"art 96px vs 16px person (x6.00), moves 50%",True
Thorna and Twigtooth,Rare,60,False,sprites/enemy/plant/treant_2.atlas,16,16,3.0,48.0,False,on grid,Huge,3.0,48.0,"scale x3 was a choice - nearest step to 48.0px, life 60",True
Traxos,Uncommon,20,False,sprites/enemy/construct/juggernaut.atlas,32,32,2.0,64.0,False,on grid,Huge,1.5,48.0,scale x2 was a choice - nearest step to 64.0px,False
Twister of Time,Rare,30,True,sprites/enemy/celestial/seraphim.atlas,32,32,1.0,32.0,False,on grid,Huge,1.5,48.0,"art 32px vs 16px person (x2.00), +1 step for boss, moves 50%",True
Ulalek,Rare,50,False,sprites/enemy/aberration/eldrazi/eldrazi.atlas,16,16,6.0,96.0,False,on grid,Huge,3.0,48.0,"scale x6 was a choice - nearest step to 96.0px, life 50, moves 50%",True
Ulamog,Rare,70,False,sprites/enemy/aberration/eldrazi/ulamog.atlas,80,80,3.0,240.0,False,on grid,Huge,0.6,48.0,"scale x3 was a choice - nearest step to 240.0px, life 70, moves 80%",True
Uurg,Common,30,False,sprites/enemy/aberration/froghemoth.atlas,65,50,1.0,50.0,False,already huge,Huge,0.96,48.0,art 50px vs 16px person (x3.12),True
Xenagos,Rare,40,False,sprites/enemy/fey/satyr_2.atlas,16,16,3.0,48.0,False,on grid,Huge,3.0,48.0,scale x3 was a choice - nearest step to 48.0px,False
Xyris,Uncommon,20,False,sprites/enemy/beast/reptile/snake_green.atlas,16,16,3.0,48.0,False,on grid,Huge,3.0,48.0,"beast/reptile folder, but scaled x3 on purpose - nearest step to 48px",True
Yargle and Multani,Rare,30,False,sprites/enemy/aberration/froghemoth.atlas,65,50,2.0,100.0,False,already huge,Huge,0.96,48.0,"scale x2 was a choice - nearest step to 100.0px, moves 52%",True
Zask,Uncommon,20,False,sprites/enemy/beast/insect/scarab.atlas,22,16,4.0,64.0,False,on grid,Huge,3.0,48.0,"beast/insect folder, but scaled x4 on purpose - nearest step to 64px",True
Zaxara,Rare,30,False,sprites/enemy/monstrosity/hydra_large.atlas,32,32,1.0,32.0,False,on grid,Huge,1.5,48.0,"art 32px vs 16px person (x2.00), named large, moves 50%",True
Zhulodok,Rare,50,False,sprites/enemy/aberration/eldrazi/eldrazi_large.atlas,32,32,3.0,96.0,False,on grid,Huge,1.5,48.0,"scale x3 was a choice - nearest step to 96.0px, named large, life 50, moves 50%",True
Zilortha,Uncommon,30,False,sprites/enemy/beast/dinosaur/ancient.atlas,16,16,3.0,48.0,False,on grid,Huge,3.0,48.0,scale x3 was a choice - nearest step to 48.0px,False
Aegar,Rare,30,False,sprites/enemy/giant/firegiant.atlas,16,16,2.0,32.0,False,on grid,Large,2.0,32.0,giant folder,False
Aesi,Uncommon,30,False,sprites/enemy/beast/reptile/big_snake.atlas,16,16,2.0,32.0,False,on grid,Large,2.0,32.0,"beast/reptile folder, but scaled x2 on purpose - nearest step to 32px",True
Akroma and Keleth,Mythic,53,False,sprites/enemy/celestial/akroma.atlas,32,32,1.0,32.0,False,on grid,Large,1.0,32.0,"art 32px vs 16px person (x2.00), life 53",True
Akul,Rare,50,False,sprites/enemy/fiend/archfiend.atlas,32,32,1.0,32.0,False,on grid,Large,1.0,32.0,"art 32px vs 16px person (x2.00), life 50",True
Amareth,Rare,40,False,sprites/enemy/dragon/adultgreendragon.atlas,16,16,2.0,32.0,False,on grid,Large,2.0,32.0,dragon folder,False
Arahbo,Rare,20,False,sprites/enemy/beast/cat/cat.atlas,16,16,2.0,32.0,False,on grid,Large,2.0,32.0,"beast/cat folder, but scaled x2 on purpose - nearest step to 32px",True
Arcades,Uncommon,40,False,sprites/enemy/dragon/adultgreendragon.atlas,16,16,2.0,32.0,False,on grid,Large,2.0,32.0,dragon folder,False
Arjun,Uncommon,30,False,sprites/enemy/monstrosity/androsphinx.atlas,32,32,1.0,32.0,False,on grid,Large,1.0,32.0,art 32px vs 16px person (x2.00),True
Atemsis,Mythic,43,False,sprites/enemy/monstrosity/criosphinx.atlas,32,32,1.0,32.0,False,on grid,Large,1.0,32.0,art 32px vs 16px person (x2.00),True
Atsushi,Mythic,47,False,sprites/enemy/dragon/firedragon.atlas,16,16,2.0,32.0,False,on grid,Large,2.0,32.0,"dragon folder, life 47",True
Aurelia,Rare,30,False,sprites/enemy/celestial/akroma.atlas,32,32,1.0,32.0,False,on grid,Large,1.0,32.0,art 32px vs 16px person (x2.00),True
Azor,Rare,20,False,sprites/enemy/monstrosity/androsphinx.atlas,32,32,1.0,32.0,False,on grid,Large,1.0,32.0,art 32px vs 16px person (x2.00),True
Baby Brass Dragon,Common,15,False,sprites/enemy/basic/dragon/baby_brass_dragon.atlas,16,16,1.0,16.0,False,on grid,Large,2.0,32.0,"basic/dragon folder, moves 100%",True
Baby Copper Dragon,Common,16,False,sprites/enemy/basic/dragon/baby_copper_dragon.atlas,16,16,1.0,16.0,False,on grid,Large,2.0,32.0,"basic/dragon folder, moves 100%",True
Baby Green Dragon,Uncommon,19,False,sprites/enemy/basic/dragon/baby_green_dragon.atlas,16,16,1.0,16.0,False,on grid,Large,2.0,32.0,"basic/dragon folder, moves 100%",True
Baby White Dragon,Uncommon,24,False,sprites/enemy/basic/dragon/baby_white_dragon.atlas,16,16,1.0,16.0,False,on grid,Large,2.0,32.0,"basic/dragon folder, moves 100%",True
Beledros,Rare,30,False,sprites/enemy/dragon/bonedragon.atlas,32,32,1.0,32.0,False,on grid,Large,1.0,32.0,dragon folder,False
Beluna,Rare,20,False,sprites/enemy/giant/titan_2.atlas,16,16,3.0,48.0,False,on grid,Large,2.0,32.0,giant folder,False
Belzenlok,Rare,32,False,sprites/enemy/fiend/archfiend.atlas,32,32,1.0,32.0,False,on grid,Large,1.0,32.0,art 32px vs 16px person (x2.00),True
Bone Dragon,Mythic,41,False,sprites/enemy/dragon/bonedragon.atlas,32,32,1.0,32.0,False,on grid,Large,1.0,32.0,dragon folder,False
Bonny Pall,Rare,20,False,sprites/enemy/giant/titan_2.atlas,16,16,2.0,32.0,False,on grid,Large,2.0,32.0,giant folder,False
Borborygmos,Rare,30,False,sprites/enemy/giant/cyclops_2.atlas,16,16,2.0,32.0,False,on grid,Large,2.0,32.0,giant folder,False
Brion,Rare,20,False,sprites/enemy/giant/firegiant.atlas,16,16,2.0,32.0,False,on grid,Large,2.0,32.0,giant folder,False
Chromium,Rare,40,False,sprites/enemy/dragon/ancientsilverdragon.atlas,16,16,2.0,32.0,False,on grid,Large,2.0,32.0,dragon folder,False
Cloaker,Common,12,False,sprites/enemy/fiend/cloaker.atlas,96,64,0.5,32.0,False,on grid,Large,0.5,32.0,scale x0.5 was a choice - nearest step to 32.0px,False
Criosphinx,Uncommon,19,False,sprites/enemy/monstrosity/criosphinx.atlas,32,32,1.0,32.0,False,on grid,Large,1.0,32.0,art 32px vs 16px person (x2.00),True
Crosis,Rare,30,False,sprites/enemy/dragon/bonedragon.atlas,32,32,1.0,32.0,False,on grid,Large,1.0,32.0,dragon folder,False
Cyclops,Common,11,False,sprites/enemy/giant/cyclops.atlas,16,16,1.0,16.0,False,on grid,Large,2.0,32.0,"giant folder, moves 100%",True
Darigaaz,Rare,30,False,sprites/enemy/dragon/dragon.atlas,16,16,2.0,32.0,False,on grid,Large,2.0,32.0,dragon folder,False
Dementia Beast,Common,11,False,sprites/enemy/fiend/cloaker.atlas,96,64,0.5,32.0,False,on grid,Large,0.5,32.0,scale x0.5 was a choice - nearest step to 32.0px,False
Dinosaur Elite,Rare,30,False,sprites/enemy/beast/dinosaur/ancient.atlas,16,16,2.0,32.0,False,on grid,Large,2.0,32.0,scale x2 was a choice - nearest step to 32.0px,False
Doc Aurlock,Uncommon,20,False,sprites/enemy/beast/bear/bear_large.atlas,64,64,0.5,32.0,False,on grid,Large,0.5,32.0,"beast/bear folder, named large",False
Doran,Uncommon,20,False,sprites/enemy/plant/treant.atlas,16,16,2.0,32.0,False,on grid,Large,2.0,32.0,scale x2 was a choice - nearest step to 32.0px,False
Dragon,Uncommon,21,False,sprites/enemy/dragon/dragon.atlas,16,16,1.0,16.0,False,on grid,Large,2.0,32.0,"dragon folder, moves 100%",True
Dragonhawk,Mythic,48,False,sprites/enemy/dragon/firedragon.atlas,16,16,2.0,32.0,False,on grid,Large,2.0,32.0,"dragon folder, life 48",True
Dromar,Rare,30,False,sprites/enemy/dragon/ancientsilverdragon.atlas,16,16,2.0,32.0,False,on grid,Large,2.0,32.0,dragon folder,False
Elder Green Dragon,Rare,26,False,sprites/enemy/basic/dragon/elder_green_dragon.atlas,16,16,1.0,16.0,False,on grid,Large,2.0,32.0,"basic/dragon folder, moves 100%",True
Elder White Dragon,Mythic,42,False,sprites/enemy/basic/dragon/elder_white_dragon.atlas,16,16,1.0,16.0,False,on grid,Large,2.0,32.0,"basic/dragon folder, moves 100%",True
Elf Queen Guay,Uncommon,30,True,sprites/enemy/humanoid/elf/deftsorceress.atlas,16,16,1.0,16.0,False,on grid,Large,2.0,32.0,"humanoid/elf folder, named queen, +1 step for boss, moves 100%",True
Eligeth and Anara,Rare,30,False,sprites/enemy/monstrosity/androsphinx.atlas,32,32,1.0,32.0,False,on grid,Large,1.0,32.0,art 32px vs 16px person (x2.00),True
Ephara,Rare,40,False,sprites/enemy/giant/titan.atlas,16,16,3.0,48.0,False,on grid,Large,2.0,32.0,giant folder,False
Fire Dragon,Rare,30,False,sprites/enemy/dragon/firedragon.atlas,16,16,2.0,32.0,False,on grid,Large,2.0,32.0,dragon folder,False
Frost Titan,Uncommon,18,False,sprites/enemy/giant/titan.atlas,16,16,1.0,16.0,False,on grid,Large,2.0,32.0,"giant folder, moves 100%",True
Galazeth,Rare,30,False,sprites/enemy/dragon/lathiss.atlas,32,32,1.5,48.0,False,on grid,Large,1.0,32.0,dragon folder,False
Giant Panda,Uncommon,16,False,sprites/enemy/beast/bear/giantpanda.atlas,17,13,1.0,13.0,False,"critter, deliberate",Large,2.46,32.0,"beast/bear folder, named large, moves 146%",True
Giant Royal Scarab,Rare,30,False,sprites/enemy/basic/undead/giant_royal_scarab.atlas,16,16,1.0,16.0,False,on grid,Large,2.0,32.0,"basic/undead folder, named giant, moves 100%",True
Gisela,Rare,30,False,sprites/enemy/celestial/akroma.atlas,32,32,1.0,32.0,False,on grid,Large,1.0,32.0,art 32px vs 16px person (x2.00),True
Goreclaw,Rare,28,False,sprites/enemy/beast/bear/bear_large.atlas,64,64,0.5,32.0,False,on grid,Large,0.5,32.0,"beast/bear folder, named large",False
Graaz,Uncommon,20,False,sprites/enemy/construct/juggernaut.atlas,32,32,1.0,32.0,False,on grid,Large,1.0,32.0,art 32px vs 16px person (x2.00),True
Grenzo,Uncommon,30,False,sprites/enemy/giant/troll.atlas,16,16,1.0,16.0,False,on grid,Large,2.0,32.0,"giant folder, moves 100%",True
Grismold,Uncommon,20,False,sprites/enemy/giant/troll.atlas,16,16,1.0,16.0,False,on grid,Large,2.0,32.0,"giant folder, moves 100%",True
Gyruda,Uncommon,20,False,sprites/enemy/monstrosity/lorthos.atlas,32,32,1.0,32.0,False,on grid,Large,1.0,32.0,art 32px vs 16px person (x2.00),True
Hellion,Uncommon,21,False,sprites/enemy/monstrosity/sandwurm.atlas,32,20,1.6,32.0,False,on grid,Large,1.6,32.0,scale x1.6 was a choice - nearest step to 32.0px,False
Illuna,Rare,30,False,sprites/enemy/dragon/ancientsilverdragon.atlas,16,16,2.0,32.0,False,on grid,Large,2.0,32.0,dragon folder,False
Intet,Rare,40,False,sprites/enemy/dragon/adultgreendragon.atlas,16,16,2.0,32.0,False,on grid,Large,2.0,32.0,dragon folder,False
Iroas,Rare,40,False,sprites/enemy/fey/centaur.atlas,16,16,2.0,32.0,False,on grid,Large,2.0,32.0,scale x2 was a choice - nearest step to 32.0px,False
Isperia,Uncommon,20,False,sprites/enemy/monstrosity/criosphinx.atlas,32,32,1.0,32.0,False,on grid,Large,1.0,32.0,art 32px vs 16px person (x2.00),True
Jenara,Rare,30,False,sprites/enemy/celestial/maelstrom_angel.atlas,32,32,1.0,32.0,False,on grid,Large,1.0,32.0,art 32px vs 16px person (x2.00),True
Jugan,Uncommon,28,False,sprites/enemy/beast/reptile/big_snake.atlas,16,16,2.0,32.0,False,on grid,Large,2.0,32.0,"beast/reptile folder, but scaled x2 on purpose - nearest step to 32px",True
Juggernaut,Common,20,False,sprites/enemy/construct/juggernaut.atlas,32,32,1.0,32.0,False,on grid,Large,1.0,32.0,art 32px vs 16px person (x2.00),True
Junji,Mythic,52,False,sprites/enemy/aberration/leech_2.atlas,16,16,2.0,32.0,False,on grid,Large,2.0,32.0,"scale x2 was a choice - nearest step to 32.0px, life 52",True
Juvenile Bronze Dragon,Common,15,False,sprites/enemy/basic/dragon/juvenile_bronze_dragon.atlas,16,16,1.0,16.0,False,on grid,Large,2.0,32.0,"basic/dragon folder, moves 100%",True
Jyoti,Rare,20,False,sprites/enemy/elemental/crystalelemental.atlas,16,16,2.0,32.0,False,on grid,Large,2.0,32.0,scale x2 was a choice - nearest step to 32.0px,False
Kaalia,Rare,50,False,sprites/enemy/celestial/seraphim.atlas,32,32,1.0,32.0,False,on grid,Large,1.0,32.0,"art 32px vs 16px person (x2.00), life 50",True
Kairi,Rare,33,False,sprites/enemy/dragon/ancientsilverdragon.atlas,16,16,2.0,32.0,False,on grid,Large,2.0,32.0,dragon folder,False
Kalemne,Uncommon,20,False,sprites/enemy/giant/stormtitan.atlas,32,32,1.0,32.0,False,on grid,Large,1.0,32.0,giant folder,False
Karona,Rare,30,False,sprites/enemy/celestial/maelstrom_angel.atlas,32,32,1.0,32.0,False,on grid,Large,1.0,32.0,art 32px vs 16px person (x2.00),True
Kathril,Rare,20,False,sprites/enemy/beast/insect/ladybug.atlas,16,16,2.0,32.0,False,on grid,Large,2.0,32.0,"beast/insect folder, but scaled x2 on purpose - nearest step to 32px",True
Keiga,Uncommon,30,False,sprites/enemy/dragon/ancientsilverdragon.atlas,16,16,2.0,32.0,False,on grid,Large,2.0,32.0,dragon folder,False
Keranos,Rare,40,False,sprites/enemy/giant/stormtitan.atlas,32,32,1.5,48.0,False,on grid,Large,1.0,32.0,giant folder,False
Kethek,Rare,30,False,sprites/enemy/construct/juggernaut.atlas,32,32,1.0,32.0,False,on grid,Large,1.0,32.0,art 32px vs 16px person (x2.00),True
Khorvath and Sylvia,Rare,20,False,sprites/enemy/dragon/firedragon.atlas,16,16,2.0,32.0,False,on grid,Large,2.0,32.0,dragon folder,False
King Kane Ferguson,Uncommon,30,True,sprites/enemy/undead/deathknightidle.atlas,16,16,1.0,16.0,False,on grid,Large,2.0,32.0,"undead folder, named king, +1 step for boss, moves 100%",True
Kira,Rare,30,False,sprites/enemy/monstrosity/brainmole.atlas,32,32,1.0,32.0,False,on grid,Large,1.0,32.0,art 32px vs 16px person (x2.00),True
Kokusho,Uncommon,18,False,sprites/enemy/aberration/leech_2.atlas,16,16,2.0,32.0,False,on grid,Large,2.0,32.0,scale x2 was a choice - nearest step to 32.0px,False
Korvold,Rare,30,False,sprites/enemy/dragon/adultgreendragon.atlas,16,16,2.0,32.0,False,on grid,Large,2.0,32.0,dragon folder,False
Kothophed,Uncommon,19,False,sprites/enemy/fiend/demon_3.atlas,16,16,2.0,32.0,False,on grid,Large,2.0,32.0,scale x2 was a choice - nearest step to 32.0px,False
Kroxa,Rare,40,False,sprites/enemy/giant/gravetitan.atlas,16,16,2.0,32.0,False,on grid,Large,2.0,32.0,giant folder,False
Kruphix,Rare,40,False,sprites/enemy/elemental/magicelemental.atlas,16,16,2.0,32.0,False,on grid,Large,2.0,32.0,scale x2 was a choice - nearest step to 32.0px,False
Kura,Rare,32,False,sprites/enemy/beast/reptile/big_snake.atlas,16,16,2.0,32.0,False,on grid,Large,2.0,32.0,"beast/reptile folder, but scaled x2 on purpose - nearest step to 32px",True
Kyodai,Rare,30,False,sprites/enemy/dragon/ancientsilverdragon.atlas,16,16,2.0,32.0,False,on grid,Large,2.0,32.0,dragon folder,False
Liberator,Rare,20,False,sprites/enemy/construct/juggernaut.atlas,32,32,1.0,32.0,False,on grid,Large,1.0,32.0,art 32px vs 16px person (x2.00),True
Lyra,Rare,29,False,sprites/enemy/celestial/seraphim.atlas,32,32,1.0,32.0,False,on grid,Large,1.0,32.0,art 32px vs 16px person (x2.00),True
Mature Bronze Dragon,Rare,37,False,sprites/enemy/basic/dragon/mature_bronze_dragon.atlas,16,16,1.0,16.0,False,on grid,Large,2.0,32.0,"basic/dragon folder, moves 100%",True
Medomai,Uncommon,30,False,sprites/enemy/monstrosity/androsphinx.atlas,32,32,1.0,32.0,False,on grid,Large,1.0,32.0,art 32px vs 16px person (x2.00),True
Mud Wyvern,Uncommon,26,False,sprites/enemy/basic/dragon/mud_wyvern.atlas,16,16,1.0,16.0,False,on grid,Large,2.0,32.0,"basic/dragon folder, moves 100%",True
Numot,Rare,40,False,sprites/enemy/dragon/firedragon.atlas,16,16,2.0,32.0,False,on grid,Large,2.0,32.0,dragon folder,False
Obeka,Rare,30,False,sprites/enemy/giant/troll.atlas,16,16,1.0,16.0,False,on grid,Large,2.0,32.0,"giant folder, moves 100%",True
Ojer Axonil,Uncommon,41,False,sprites/enemy/giant/firegiant.atlas,16,16,2.0,32.0,False,on grid,Large,2.0,32.0,giant folder,False
Ojer Kaslem,Mythic,47,False,sprites/enemy/giant/forestgiant.atlas,16,16,2.0,32.0,False,on grid,Large,2.0,32.0,"giant folder, life 47",True
Ojer Taq,Rare,26,False,sprites/enemy/giant/titan_2.atlas,16,16,3.0,48.0,False,on grid,Large,2.0,32.0,giant folder,False
Okaun and Zndrsplt,Rare,20,False,sprites/enemy/giant/cyclops_large.atlas,64,64,1.0,64.0,False,on grid,Large,0.5,32.0,"giant folder, moves 50%",True
Oloro,Rare,40,False,sprites/enemy/giant/titan.atlas,16,16,3.0,48.0,False,on grid,Large,2.0,32.0,giant folder,False
Omnath,Rare,40,False,sprites/enemy/elemental/magmaelemental.atlas,16,16,2.0,32.0,False,on grid,Large,2.0,32.0,scale x2 was a choice - nearest step to 32.0px,False
Oona,Uncommon,20,False,sprites/enemy/fey/dimirfaerie.atlas,16,16,2.0,32.0,False,on grid,Large,2.0,32.0,scale x2 was a choice - nearest step to 32.0px,False
Osgir,Rare,20,False,sprites/enemy/giant/firegiant.atlas,16,16,2.0,32.0,False,on grid,Large,2.0,32.0,giant folder,False
Palladia-Mors,Rare,40,False,sprites/enemy/dragon/firedragon.atlas,16,16,2.0,32.0,False,on grid,Large,2.0,32.0,dragon folder,False
Penguin Elite,Rare,26,False,sprites/enemy/beast/polar/penguinlarge.atlas,32,32,1.5,48.0,False,on grid,Large,1.0,32.0,"beast/polar folder, named large",False
Pharika,Rare,40,False,sprites/enemy/monstrosity/gorgone.atlas,16,16,2.0,32.0,False,on grid,Large,2.0,32.0,scale x2 was a choice - nearest step to 32.0px,False
Phlage,Rare,40,False,sprites/enemy/giant/firegiant.atlas,16,16,3.0,48.0,False,on grid,Large,2.0,32.0,giant folder,False
Polukranos,Uncommon,30,False,sprites/enemy/monstrosity/hydra.atlas,16,16,2.0,32.0,False,on grid,Large,2.0,32.0,scale x2 was a choice - nearest step to 32.0px,False
Purphoros,Uncommon,20,False,sprites/enemy/giant/godlytitan.atlas,32,32,1.0,32.0,False,on grid,Large,1.0,32.0,giant folder,False
Pygmy Wyvern,Common,15,False,sprites/enemy/basic/dragon/pygmy_wyvern.atlas,16,16,1.0,16.0,False,on grid,Large,2.0,32.0,"basic/dragon folder, moves 100%",True
Radiant,Rare,26,False,sprites/enemy/celestial/peerlesssolar.atlas,32,32,1.0,32.0,False,on grid,Large,1.0,32.0,art 32px vs 16px person (x2.00),True
Rakdos,Uncommon,30,False,sprites/enemy/fiend/archfiend.atlas,32,32,1.0,32.0,False,on grid,Large,1.0,32.0,art 32px vs 16px person (x2.00),True
Ramos,Mythic,50,False,sprites/enemy/dragon/ancientsilverdragon.atlas,16,16,3.0,48.0,False,on grid,Large,2.0,32.0,"dragon folder, life 50",True
Razaketh,Mythic,47,False,sprites/enemy/fiend/scourgemaster.atlas,32,32,1.0,32.0,False,on grid,Large,1.0,32.0,"art 32px vs 16px person (x2.00), life 47",True
Rendmaw,Rare,30,False,sprites/enemy/construct/scarecrow.atlas,16,16,2.0,32.0,False,on grid,Large,2.0,32.0,scale x2 was a choice - nearest step to 32.0px,False
Rienne,Rare,30,False,sprites/enemy/celestial/maelstrom_angel.atlas,32,32,1.0,32.0,False,on grid,Large,1.0,32.0,art 32px vs 16px person (x2.00),True
Rith,Rare,30,False,sprites/enemy/dragon/adultgreendragon.atlas,16,16,2.0,32.0,False,on grid,Large,2.0,32.0,dragon folder,False
Rorix,Uncommon,18,False,sprites/enemy/dragon/lathiss.atlas,32,32,1.0,32.0,False,on grid,Large,1.0,32.0,dragon folder,False
Ruric Thar,Rare,20,False,sprites/enemy/giant/troll_2.atlas,16,16,2.0,32.0,False,on grid,Large,2.0,32.0,giant folder,False
Ruxa,Rare,21,False,sprites/enemy/beast/bear/bear_large.atlas,64,64,0.5,32.0,False,on grid,Large,0.5,32.0,"beast/bear folder, named large",False
Ryusei,Mythic,55,False,sprites/enemy/dragon/firedragon.atlas,16,16,2.0,32.0,False,on grid,Large,2.0,32.0,"dragon folder, life 55",True
Shadrix,Rare,30,False,sprites/enemy/dragon/ancientsilverdragon.atlas,16,16,2.0,32.0,False,on grid,Large,2.0,32.0,dragon folder,False
Sharuum,Rare,40,False,sprites/enemy/monstrosity/criosphinx.atlas,32,32,1.0,32.0,False,on grid,Large,1.0,32.0,art 32px vs 16px person (x2.00),True
Sheldon,Rare,40,False,sprites/enemy/giant/godlytitan.atlas,32,32,1.0,32.0,False,on grid,Large,1.0,32.0,giant folder,False
Sheoldred,Mythic,47,False,sprites/enemy/aberration/phyrexian/drossgrimnarch.atlas,16,16,2.0,32.0,False,on grid,Large,2.0,32.0,"scale x2 was a choice - nearest step to 32.0px, life 47",True
Shiko,Uncommon,20,False,sprites/enemy/dragon/ancientsilverdragon.atlas,16,16,2.0,32.0,False,on grid,Large,2.0,32.0,dragon folder,False
Sigarda,Rare,30,False,sprites/enemy/celestial/maelstrom_angel.atlas,32,32,1.0,32.0,False,on grid,Large,1.0,32.0,art 32px vs 16px person (x2.00),True
Sivitri,Rare,80,False,sprites/enemy/dragon/ancientsilverdragon.atlas,16,16,1.0,16.0,False,on grid,Large,2.0,32.0,"dragon folder, life 80, moves 100%",True
Skithiryx,Uncommon,19,False,sprites/enemy/dragon/bonedragon.atlas,32,32,1.0,32.0,False,on grid,Large,1.0,32.0,dragon folder,False
Slogurk,Rare,30,False,sprites/enemy/ooze/oozeboss.atlas,16,16,2.0,32.0,False,on grid,Large,2.0,32.0,"ooze folder, but scaled x2 on purpose - nearest step to 32px",True
Sorceress Queen Kaja,Uncommon,30,True,sprites/enemy/humanoid/human/wizard/black_wiz3.atlas,16,16,1.0,16.0,False,on grid,Large,2.0,32.0,"humanoid/human/wizard folder, named queen, +1 step for boss, moves 100%",True
Sphinx,Uncommon,19,False,sprites/enemy/monstrosity/androsphinx.atlas,32,32,1.0,32.0,False,on grid,Large,1.0,32.0,art 32px vs 16px person (x2.00),True
Storm Titan,Mythic,41,False,sprites/enemy/giant/stormtitan.atlas,32,32,1.0,32.0,False,on grid,Large,1.0,32.0,giant folder,False
Sun Titan,Rare,32,False,sprites/enemy/giant/gravetitan.atlas,16,16,1.0,16.0,False,on grid,Large,2.0,32.0,"giant folder, moves 100%",True
Svella,Uncommon,20,False,sprites/enemy/giant/troll.atlas,16,16,1.0,16.0,False,on grid,Large,2.0,32.0,"giant folder, moves 100%",True
Swamp Queen Tojira,Common,25,True,sprites/enemy/humanoid/human/warlock/witch.atlas,16,16,1.0,16.0,False,on grid,Large,2.0,32.0,"humanoid/human/warlock folder, named queen, +1 step for boss, moves 100%",True
Tanazir,Rare,30,False,sprites/enemy/dragon/adultgreendragon.atlas,16,16,2.0,32.0,False,on grid,Large,2.0,32.0,dragon folder,False
Tatsunari,Uncommon,30,False,sprites/enemy/beast/amphibian/frog.atlas,20,16,2.0,32.0,False,on grid,Large,2.0,32.0,scale x2 was a choice - nearest step to 32.0px,False
Teneb,Rare,40,False,sprites/enemy/dragon/bonedragon.atlas,32,32,1.0,32.0,False,on grid,Large,1.0,32.0,dragon folder,False
Teval,Rare,20,False,sprites/enemy/dragon/adultgreendragon.atlas,16,16,2.0,32.0,False,on grid,Large,2.0,32.0,dragon folder,False
The Astral Visionary,Rare,40,True,sprites/enemy/humanoid/merfolk/merfolk_lord.atlas,16,16,1.0,16.0,False,on grid,Large,2.0,32.0,"humanoid/merfolk folder, named lord, +1 step for boss, moves 100%",True
The Beamtown Bullies,Uncommon,20,False,sprites/enemy/giant/troll_2.atlas,16,16,1.0,16.0,False,on grid,Large,2.0,32.0,"giant folder, moves 100%",True
The Dragon Lord,Rare,40,True,sprites/enemy/humanoid/human/wizard/red_wiz2.atlas,16,16,1.0,16.0,False,on grid,Large,2.0,32.0,"humanoid/human/wizard folder, named lord, +1 step for boss, moves 100%",True
The Goose Mother,Rare,30,False,sprites/enemy/monstrosity/hydra.atlas,16,16,2.0,32.0,False,on grid,Large,2.0,32.0,scale x2 was a choice - nearest step to 32.0px,False
The Lichlord of Azar,Uncommon,40,True,sprites/enemy/undead/lich.atlas,16,16,1.0,16.0,False,on grid,Large,2.0,32.0,"undead folder, named lord, +1 step for boss, moves 100%",True
The Mindskinner,Mythic,50,False,sprites/enemy/monstrosity/homarid.atlas,64,32,1.0,32.0,False,on grid,Large,1.0,32.0,"art 32px vs 16px person (x2.00), life 50",True
The Scarab God,Rare,40,False,sprites/enemy/beast/insect/scarab.atlas,22,16,2.0,32.0,False,on grid,Large,2.0,32.0,"beast/insect folder, but scaled x2 on purpose - nearest step to 32px",True
The Ur-Dragon,Mythic,70,False,sprites/enemy/dragon/dragonlarge.atlas,50,36,3.0,108.0,False,already huge,Large,0.89,32.0,"dragon folder, life 70, moves 70%",True
Tivit,Uncommon,20,False,sprites/enemy/monstrosity/criosphinx.atlas,32,32,1.0,32.0,False,on grid,Large,1.0,32.0,art 32px vs 16px person (x2.00),True
Treva,Rare,30,False,sprites/enemy/dragon/ancientsilverdragon.atlas,16,16,2.0,32.0,False,on grid,Large,2.0,32.0,dragon folder,False
Troll,Rare,18,False,sprites/enemy/giant/troll.atlas,16,16,1.0,16.0,False,on grid,Large,2.0,32.0,"giant folder, moves 100%",True
Unesh,Rare,31,False,sprites/enemy/monstrosity/criosphinx.atlas,32,32,1.0,32.0,False,on grid,Large,1.0,32.0,art 32px vs 16px person (x2.00),True
Ureni,Rare,20,False,sprites/enemy/dragon/adultgreendragon.atlas,16,16,2.0,32.0,False,on grid,Large,2.0,32.0,dragon folder,False
Uril,Uncommon,40,False,sprites/enemy/monstrosity/yeti.atlas,16,16,2.0,32.0,False,on grid,Large,2.0,32.0,scale x2 was a choice - nearest step to 32.0px,False
Uro,Rare,40,False,sprites/enemy/giant/swamptroll.atlas,40,35,1.5,52.5,False,already huge,Large,0.91,31.9,giant folder,False
Vadrok,Rare,30,False,sprites/enemy/dragon/firedragon.atlas,16,16,2.0,32.0,False,on grid,Large,2.0,32.0,dragon folder,False
Vaevictis,Uncommon,40,False,sprites/enemy/dragon/dragon.atlas,16,16,3.0,48.0,False,on grid,Large,2.0,32.0,dragon folder,False
Velomachus,Rare,30,False,sprites/enemy/dragon/firedragon.atlas,16,16,2.0,32.0,False,on grid,Large,2.0,32.0,dragon folder,False
Vilis,Mythic,50,False,sprites/enemy/fiend/archfiend.atlas,32,32,1.0,32.0,False,on grid,Large,1.0,32.0,"art 32px vs 16px person (x2.00), life 50",True
"Walter, the Stray Camel",Common,35,True,sprites/enemy/beast/largemammals/camel.atlas,18,16,2.0,32.0,False,on grid,Large,2.0,32.0,"beast/largemammals folder, boss sized on purpose - nearest step to 32px",True
Xander,Rare,30,False,sprites/enemy/fiend/warden.atlas,16,16,2.0,32.0,False,on grid,Large,2.0,32.0,scale x2 was a choice - nearest step to 32.0px,False
Yennett,Rare,30,False,sprites/enemy/monstrosity/criosphinx.atlas,32,32,1.0,32.0,False,on grid,Large,1.0,32.0,art 32px vs 16px person (x2.00),True
Yidris,Rare,50,False,sprites/enemy/giant/troll_2.atlas,16,16,1.0,16.0,False,on grid,Large,2.0,32.0,"giant folder, life 50, moves 100%",True
Yorvo,Mythic,47,False,sprites/enemy/giant/forestgiant.atlas,16,16,2.0,32.0,False,on grid,Large,2.0,32.0,"giant folder, life 47",True
Young Brass Dragon,Common,15,False,sprites/enemy/basic/dragon/young_brass_dragon.atlas,16,16,1.0,16.0,False,on grid,Large,2.0,32.0,"basic/dragon folder, moves 100%",True
Young Red Dragon,Mythic,45,False,sprites/enemy/basic/dragon/young_red_dragon.atlas,16,16,1.0,16.0,False,on grid,Large,2.0,32.0,"basic/dragon folder, life 45, moves 100%",True
Zacama,Rare,50,False,sprites/enemy/monstrosity/hydra.atlas,16,16,2.0,32.0,False,on grid,Large,2.0,32.0,"scale x2 was a choice - nearest step to 32.0px, life 50",True
Ziatora,Rare,30,False,sprites/enemy/dragon/lathiss.atlas,32,32,1.0,32.0,False,on grid,Large,1.0,32.0,dragon folder,False
Zopandrel,Mythic,46,False,sprites/enemy/aberration/phyrexian/copperhostbrutalizer.atlas,16,16,2.0,32.0,False,on grid,Large,2.0,32.0,"scale x2 was a choice - nearest step to 32.0px, life 46",True
Akim,Rare,20,False,sprites/enemy/dragon/drake.atlas,30,34,1.5,51.0,False,already huge,Medium,0.71,24.1,"dragon folder, a drake, moves 53%",True
Albiorix,Rare,30,False,sprites/enemy/beast/barn/chicken.atlas,16,16,2.0,32.0,False,on grid,Medium,1.5,24.0,beast/barn folder,False
Alpharael,Uncommon,17,False,sprites/enemy/humanoid/human/warlock/high_cultist.atlas,16,16,1.0,16.0,False,on grid,Medium,1.5,24.0,"humanoid/human/warlock folder, named alpha, moves 50%",True
Ape,Rare,16,False,sprites/enemy/beast/ape/behemoth.atlas,16,16,1.0,16.0,False,on grid,Medium,1.5,24.0,"beast/ape folder, moves 50%",True
Aqua Drake,Common,17,False,sprites/enemy/basic/dragon/aqua_drake.atlas,16,16,1.0,16.0,False,on grid,Medium,1.5,24.0,"basic/dragon folder, a drake, moves 50%",True
Ashiok,Common,1,False,sprites/enemy/beast/polar/penguin.atlas,16,16,1.0,16.0,False,on grid,Medium,1.5,24.0,"beast/polar folder, moves 50%",True
Ayula,Common,11,False,sprites/enemy/beast/bear/bear.atlas,16,16,1.0,16.0,False,on grid,Medium,1.5,24.0,"beast/bear folder, moves 50%",True
Baron Levilain,Uncommon,30,True,sprites/enemy/humanoid/human/soldier/legionite.atlas,16,16,1.0,16.0,False,on grid,Medium,1.5,24.0,"humanoid/human/soldier folder, +1 step for boss, moves 50%",True
Baron Von Gant,Uncommon,30,True,sprites/enemy/humanoid/human/soldier/legionite.atlas,16,16,1.0,16.0,False,on grid,Medium,1.5,24.0,"humanoid/human/soldier folder, +1 step for boss, moves 50%",True
Bazaar Keeper,Rare,30,True,sprites/enemy/humanoid/conjurer.atlas,32,32,1.0,32.0,False,on grid,Medium,0.75,24.0,"humanoid folder, +1 step for boss",True
Bear,Uncommon,16,False,sprites/enemy/beast/bear/bear.atlas,16,16,1.0,16.0,False,on grid,Medium,1.5,24.0,"beast/bear folder, moves 50%",True
Beza,Mythic,49,False,sprites/enemy/beast/largemammals/deer_2.atlas,16,16,3.0,48.0,False,on grid,Medium,1.5,24.0,"beast/largemammals folder, life 49, moves 50%",True
Boar,Common,13,False,sprites/enemy/beast/smallmammals/boar.atlas,32,21,0.55,11.55,False,"critter, deliberate",Medium,1.14,23.9,"beast/smallmammals folder, a boar, moves 107%",True
Brokkos,Rare,30,False,sprites/enemy/beast/largemammals/rhino.atlas,22,16,2.0,32.0,False,on grid,Medium,1.5,24.0,beast/largemammals folder,False
Camel,Common,15,False,sprites/enemy/beast/largemammals/camel.atlas,18,16,1.0,16.0,False,on grid,Medium,1.5,24.0,"beast/largemammals folder, moves 50%",True
Camellia,Rare,30,False,sprites/enemy/beast/smallmammals/squirrel.atlas,32,32,1.0,32.0,False,on grid,Medium,0.75,24.0,"beast/smallmammals folder, a camel",False
Cateran Overlord,Common,25,True,sprites/enemy/fiend/spikedravager.atlas,16,16,1.0,16.0,False,on grid,Medium,1.5,24.0,"art 16px vs 16px person (x1.00), tagged humanoid, +1 step for boss, moves 50%",True
Chainer Dementia Master,Uncommon,25,True,sprites/enemy/humanoid/human/wizard/black_wizard.atlas,16,16,1.0,16.0,False,on grid,Medium,1.5,24.0,"humanoid/human/wizard folder, +1 step for boss, moves 50%",True
Chandra,Uncommon,70,True,sprites/enemy/humanoid/human/shaman/chandra.atlas,16,16,1.0,16.0,False,on grid,Medium,1.5,24.0,"humanoid/human/shaman folder, +1 step for boss, moves 50%",True
Chicken,Rare,12,False,sprites/enemy/beast/barn/chicken.atlas,16,16,0.75,12.0,False,"critter, deliberate",Medium,1.5,24.0,"beast/barn folder, moves 100%",True
Crocodile,Uncommon,19,False,sprites/enemy/beast/reptile/crocodile_water.atlas,16,16,1.0,16.0,False,on grid,Medium,1.5,24.0,"beast/reptile folder, a croc, moves 50%",True
Curselord,Uncommon,20,False,sprites/enemy/humanoid/human/wizard/black_wiz2.atlas,16,16,1.0,16.0,False,on grid,Medium,1.5,24.0,"humanoid/human/wizard folder, named lord, moves 50%",True
Dark Ages Preacher,Uncommon,25,True,sprites/enemy/humanoid/human/cleric/cleric.atlas,16,16,1.0,16.0,False,on grid,Medium,1.5,24.0,"humanoid/human/cleric folder, +1 step for boss, moves 50%",True
Dark Enchanter,Uncommon,35,True,sprites/enemy/humanoid/viashino/dreamwalker.atlas,16,16,1.0,16.0,False,on grid,Medium,1.5,24.0,"humanoid/viashino folder, +1 step for boss, moves 50%",True
Dwarf Lord,Uncommon,32,False,sprites/enemy/humanoid/dwarf/dwarf.atlas,16,16,1.0,16.0,False,on grid,Medium,1.5,24.0,"humanoid/dwarf folder, named lord, moves 50%",True
Elk,Common,13,False,sprites/enemy/beast/largemammals/deer_2.atlas,16,16,1.0,16.0,False,on grid,Medium,1.5,24.0,"beast/largemammals folder, moves 50%",True
Firesong and Sunspeaker,Common,20,False,sprites/enemy/humanoid/minotaur/minotaur.atlas,16,16,1.0,16.0,False,on grid,Medium,1.5,24.0,"humanoid/minotaur folder, named minotaur, moves 50%",True
Forest Titan,Uncommon,34,False,sprites/enemy/elemental/walkingleef.atlas,16,16,1.0,16.0,False,on grid,Medium,1.5,24.0,"art 16px vs 16px person (x1.00), named large, moves 50%",True
Fox,Common,9,False,sprites/enemy/beast/smallmammals/fox.atlas,30,16,0.7,11.2,False,"critter, deliberate",Medium,1.5,24.0,"beast/smallmammals folder, a ox, moves 114%",True
Garruk,Rare,25,True,sprites/enemy/humanoid/human/shaman/garruk.atlas,16,16,1.0,16.0,False,on grid,Medium,1.5,24.0,"humanoid/human/shaman folder, +1 step for boss, moves 50%",True
Goblin Chief,Rare,15,False,sprites/enemy/humanoid/goblin/wolf_rider_2.atlas,16,16,1.0,16.0,False,on grid,Medium,1.5,24.0,"humanoid/goblin folder, named chief, moves 50%",True
Greater Zombie,Uncommon,20,False,sprites/enemy/undead/zombie.atlas,16,16,1.0,16.0,False,on grid,Medium,1.5,24.0,"undead folder, named greater, moves 50%",True
Grunn,Uncommon,19,False,sprites/enemy/beast/ape/gorilla.atlas,64,64,1.0,64.0,False,on grid,Medium,0.38,24.3,"beast/ape folder, moves 62%",True
Hulking Brute,Common,20,False,sprites/enemy/undead/hulkingbrute.atlas,16,16,1.0,16.0,False,on grid,Medium,1.5,24.0,"undead folder, named king, moves 50%",True
Hurska,Uncommon,20,False,sprites/enemy/beast/bear/bear.atlas,16,16,1.0,16.0,False,on grid,Medium,1.5,24.0,"beast/bear folder, moves 50%",True
Jace,Rare,40,True,sprites/enemy/humanoid/human/wizard/jace.atlas,16,16,1.0,16.0,False,on grid,Medium,1.5,24.0,"humanoid/human/wizard folder, +1 step for boss, moves 50%",True
Jedit,Rare,20,False,sprites/enemy/beast/cat/tiger.atlas,22,16,1.0,16.0,False,on grid,Medium,1.5,24.0,"beast/cat folder, a tiger, moves 50%",True
Kaheera,Uncommon,20,False,sprites/enemy/beast/largemammals/deer.atlas,16,16,1.0,16.0,False,on grid,Medium,1.5,24.0,"beast/largemammals folder, moves 50%",True
Kari Zev,Uncommon,19,False,sprites/enemy/beast/ape/monkey_small.atlas,16,16,1.0,16.0,False,on grid,Medium,1.5,24.0,"beast/ape folder, moves 50%",True
Kenrith,Rare,50,False,sprites/enemy/humanoid/human/knight/king_large.atlas,64,32,1.0,32.0,False,on grid,Medium,0.75,24.0,"humanoid/human/knight folder, named large, life 50",True
Keruga,Rare,20,False,sprites/enemy/beast/largemammals/hippo.atlas,32,32,1.0,32.0,False,on grid,Medium,0.75,24.0,beast/largemammals folder,False
Kibo,Uncommon,20,False,sprites/enemy/beast/ape/monkey_small.atlas,16,16,1.0,16.0,False,on grid,Medium,1.5,24.0,"beast/ape folder, moves 50%",True
Kiora,Rare,40,True,sprites/enemy/humanoid/merfolk/kiora.atlas,16,16,1.0,16.0,False,on grid,Medium,1.5,24.0,"humanoid/merfolk folder, +1 step for boss, moves 50%",True
Kogla,Rare,29,False,sprites/enemy/beast/ape/gorilla.atlas,64,64,2.0,128.0,False,on grid,Medium,0.38,24.3,"beast/ape folder, moves 81%",True
Kozilek,Uncommon,80,True,sprites/enemy/aberration/eldrazi/kozilek.atlas,64,80,1.0,80.0,False,on grid,Medium,0.3,24.0,"art 80px vs 16px person (x5.00), tagged humanoid, +1 step for boss, moves 70%",True
Kudo,Uncommon,30,False,sprites/enemy/beast/bear/bear.atlas,16,16,1.0,16.0,False,on grid,Medium,1.5,24.0,"beast/bear folder, moves 50%",True
Liliana,Rare,70,True,sprites/enemy/humanoid/human/wizard/black_wiz3.atlas,16,16,1.0,16.0,False,on grid,Medium,1.5,24.0,"humanoid/human/wizard folder, +1 step for boss, moves 50%",True
Lion,Uncommon,17,False,sprites/enemy/beast/cat/lion.atlas,20,16,1.0,16.0,False,on grid,Medium,1.5,24.0,"beast/cat folder, a lion, moves 50%",True
Loot,Rare,20,False,sprites/enemy/beast/smallmammals/fox.atlas,30,16,1.0,16.0,False,on grid,Medium,1.5,24.0,"beast/smallmammals folder, a ox, moves 50%",True
Lord Pestilence,Uncommon,17,False,sprites/enemy/undead/pestilencelord.atlas,32,32,1.0,32.0,False,on grid,Medium,0.75,24.0,"undead folder, named lord",False
Lord Windgrace,Rare,40,False,sprites/enemy/humanoid/leonin/lion.atlas,16,16,1.0,16.0,False,on grid,Medium,1.5,24.0,"humanoid/leonin folder, named lord, moves 50%",True
Lumra,Rare,28,False,sprites/enemy/beast/bear/bear.atlas,16,16,3.0,48.0,False,on grid,Medium,1.5,24.0,"beast/bear folder, moves 50%",True
Mad Boar,Rare,31,False,sprites/enemy/basic/animal/mad_boar.atlas,16,16,1.0,16.0,False,on grid,Medium,1.5,24.0,"basic/animal folder, a boar, moves 50%",True
Marath,Rare,40,False,sprites/enemy/beast/largemammals/deer_2.atlas,16,16,1.0,16.0,False,on grid,Medium,1.5,24.0,"beast/largemammals folder, moves 50%",True
Merfolk King,Common,30,False,sprites/enemy/humanoid/merfolk/merfolk_lord.atlas,16,16,1.0,16.0,False,on grid,Medium,1.5,24.0,"humanoid/merfolk folder, named king, moves 50%",True
Merfolk Lord,Rare,20,False,sprites/enemy/humanoid/merfolk/merfolk_lord.atlas,16,16,1.0,16.0,False,on grid,Medium,1.5,24.0,"humanoid/merfolk folder, named lord, moves 50%",True
Minotaur,Common,13,False,sprites/enemy/humanoid/minotaur/minotaur.atlas,16,16,1.0,16.0,False,on grid,Medium,1.5,24.0,"humanoid/minotaur folder, named minotaur, moves 50%",True
Monkey,Rare,20,False,sprites/enemy/beast/ape/monkey_small.atlas,16,16,1.0,16.0,False,on grid,Medium,1.5,24.0,"beast/ape folder, moves 50%",True
Mr. Foxglove,Rare,20,False,sprites/enemy/beast/smallmammals/fox.atlas,30,16,1.0,16.0,False,on grid,Medium,1.5,24.0,"beast/smallmammals folder, a ox, moves 50%",True
Mr. Orfeo,Uncommon,20,False,sprites/enemy/beast/largemammals/rhino.atlas,22,16,1.0,16.0,False,on grid,Medium,1.5,24.0,"beast/largemammals folder, moves 50%",True
Nahiri,Rare,40,True,sprites/enemy/humanoid/kor/nahiri.atlas,16,16,1.0,16.0,False,on grid,Medium,1.5,24.0,"humanoid/kor folder, +1 step for boss, moves 50%",True
Neerdiv,Uncommon,19,False,sprites/enemy/humanoid/merfolk/merfolk_lord.atlas,16,16,1.0,16.0,False,on grid,Medium,1.5,24.0,"humanoid/merfolk folder, named lord, moves 50%",True
Nethroi,Rare,30,False,sprites/enemy/beast/cat/lion.atlas,20,16,2.0,32.0,False,on grid,Medium,1.5,24.0,"beast/cat folder, a lion",False
Nightstalker,Common,20,False,sprites/enemy/undead/pestilencelord.atlas,32,32,1.0,32.0,False,on grid,Medium,0.75,24.0,"undead folder, named lord",False
Otrimi,Uncommon,20,False,sprites/enemy/beast/ape/monkey_small.atlas,16,16,1.0,16.0,False,on grid,Medium,1.5,24.0,"beast/ape folder, moves 50%",True
Penguin,Uncommon,20,False,sprites/enemy/beast/polar/penguin.atlas,16,16,1.0,16.0,False,on grid,Medium,1.5,24.0,"beast/polar folder, moves 50%",True
Perrie,Rare,20,False,sprites/enemy/beast/largemammals/rhino.atlas,22,16,1.0,16.0,False,on grid,Medium,1.5,24.0,"beast/largemammals folder, moves 50%",True
Phelddagrif,Rare,42,False,sprites/enemy/beast/largemammals/hippo.atlas,32,32,1.0,32.0,False,on grid,Medium,0.75,24.0,beast/largemammals folder,False
Plaguelord,Uncommon,20,False,sprites/enemy/undead/zombiepoisoner.atlas,16,16,1.0,16.0,False,on grid,Medium,1.5,24.0,"undead folder, named lord, moves 50%",True
Poison Drake,Common,15,False,sprites/enemy/basic/dragon/poison_drake.atlas,16,16,1.0,16.0,False,on grid,Medium,1.5,24.0,"basic/dragon folder, a drake, moves 50%",True
Prime Speaker Zegana,Rare,30,False,sprites/enemy/humanoid/merfolk/merfolk_lord.atlas,16,16,1.0,16.0,False,on grid,Medium,1.5,24.0,"humanoid/merfolk folder, named lord, moves 50%",True
Queen Kayla,Rare,30,False,sprites/enemy/humanoid/human/cleric/priest.atlas,16,16,1.0,16.0,False,on grid,Medium,1.5,24.0,"humanoid/human/cleric folder, named queen, moves 50%",True
Queen Marchesa,Rare,30,False,sprites/enemy/humanoid/human/wizard/black_wiz3.atlas,16,16,1.0,16.0,False,on grid,Medium,1.5,24.0,"humanoid/human/wizard folder, named queen, moves 50%",True
Ragavan,Uncommon,20,False,sprites/enemy/beast/ape/monkey_small.atlas,16,16,1.0,16.0,False,on grid,Medium,1.5,24.0,"beast/ape folder, moves 50%",True
Ranar,Uncommon,20,False,sprites/enemy/undead/pestilencelord.atlas,32,32,0.5,16.0,False,on grid,Medium,0.75,24.0,"undead folder, named lord, moves 50%",True
Recaller of Ancestry,Rare,30,True,sprites/enemy/humanoid/human/wizard/archmage.atlas,32,32,1.0,32.0,False,on grid,Medium,0.75,24.0,"humanoid/human/wizard folder, +1 step for boss",True
Rudolph,Uncommon,20,False,sprites/enemy/beast/largemammals/deer_2.atlas,16,16,1.0,16.0,False,on grid,Medium,1.5,24.0,"beast/largemammals folder, moves 50%",True
Runelord,Rare,26,False,sprites/enemy/humanoid/human/wizard/runescribe.atlas,16,16,1.0,16.0,False,on grid,Medium,1.5,24.0,"humanoid/human/wizard folder, named lord, moves 50%",True
Sarulf,Uncommon,20,False,sprites/enemy/beast/largemammals/wolf.atlas,40,40,2.0,80.0,False,on grid,Medium,0.6,24.0,"beast/largemammals folder, moves 70%",True
Scarecrow Captain,Uncommon,40,True,sprites/enemy/construct/scarecrow.atlas,16,16,1.0,16.0,False,on grid,Medium,1.5,24.0,"art 16px vs 16px person (x1.00), +1 step for boss, moves 50%",True
Serra the Benevolent,Rare,60,True,sprites/enemy/celestial/angelwarrior.atlas,16,16,1.0,16.0,False,on grid,Medium,1.5,24.0,"art 16px vs 16px person (x1.00), +1 step for boss, moves 50%",True
Shrieking Skaab,Common,9,False,sprites/enemy/undead/ghoul.atlas,16,16,1.0,16.0,False,on grid,Medium,1.5,24.0,"undead folder, named king, moves 50%",True
Sidar Kondo,Rare,22,False,sprites/enemy/humanoid/human/knight/paladin_large.atlas,64,64,1.0,64.0,False,on grid,Medium,0.38,24.3,"humanoid/human/knight folder, named large, moves 62%",True
Skeleton Champion,Uncommon,27,False,sprites/enemy/undead/skeleton_2.atlas,16,16,1.0,16.0,False,on grid,Medium,1.5,24.0,"undead folder, named champion, moves 50%",True
Slivdrazi Monstrosity,Uncommon,25,True,sprites/enemy/aberration/sliver.atlas,16,16,1.0,16.0,False,on grid,Medium,1.5,24.0,"art 16px vs 16px person (x1.00), +1 step for boss, moves 50%",True
Snapdax,Uncommon,30,False,sprites/enemy/beast/cat/tiger.atlas,22,16,2.0,32.0,False,on grid,Medium,1.5,24.0,"beast/cat folder, a tiger",False
Snow Fox,Common,12,False,sprites/enemy/basic/animal/snow_fox.atlas,16,16,1.0,16.0,False,on grid,Medium,1.5,24.0,"basic/animal folder, a ox, moves 50%",True
Sorin,Rare,55,True,sprites/enemy/undead/sorin.atlas,16,16,1.0,16.0,False,on grid,Medium,1.5,24.0,"undead folder, +1 step for boss, moves 50%",True
Svyelun,Uncommon,42,False,sprites/enemy/humanoid/merfolk/merfolk_lord.atlas,16,16,1.0,16.0,False,on grid,Medium,1.5,24.0,"humanoid/merfolk folder, named lord, moves 50%",True
Talrand,Uncommon,20,False,sprites/enemy/humanoid/merfolk/merfolk_lord.atlas,16,16,1.0,16.0,False,on grid,Medium,1.5,24.0,"humanoid/merfolk folder, named lord, moves 50%",True
Teferi,Mythic,40,True,sprites/enemy/humanoid/human/wizard/teferi.atlas,16,16,1.0,16.0,False,on grid,Medium,1.5,24.0,"humanoid/human/wizard folder, +1 step for boss, moves 50%",True
The Great Druid,Uncommon,40,True,sprites/enemy/humanoid/elf/druid.atlas,16,16,1.0,16.0,False,on grid,Medium,1.5,24.0,"humanoid/elf folder, +1 step for boss, moves 50%",True
The Lord of Pain,Rare,30,False,sprites/enemy/humanoid/human/wizard/rakdos_wiz.atlas,16,16,1.0,16.0,False,on grid,Medium,1.5,24.0,"humanoid/human/wizard folder, named lord, moves 50%",True
The Sainted One,Rare,40,True,sprites/enemy/humanoid/human/cleric/priest.atlas,16,16,1.0,16.0,False,on grid,Medium,1.5,24.0,"humanoid/human/cleric folder, +1 step for boss, moves 50%",True
Tibalt's Torturer,Rare,25,True,sprites/enemy/humanoid/human/wizard/black_wizard.atlas,16,16,1.0,16.0,False,on grid,Medium,1.5,24.0,"humanoid/human/wizard folder, +1 step for boss, moves 50%",True
Tiger,Common,13,False,sprites/enemy/beast/cat/tiger.atlas,22,16,1.0,16.0,False,on grid,Medium,1.5,24.0,"beast/cat folder, a tiger, moves 50%",True
Timber Wolf,Common,11,False,sprites/enemy/basic/animal/timber_wolf.atlas,16,16,1.0,16.0,False,on grid,Medium,1.5,24.0,"basic/animal folder, a wolf, moves 50%",True
Time Walker,Rare,30,True,sprites/enemy/undead/bonegolem.atlas,16,16,1.0,16.0,False,on grid,Medium,1.5,24.0,"undead folder, +1 step for boss, moves 50%",True
Toxrill,Uncommon,30,False,sprites/enemy/beast/insect/scarab.atlas,22,16,2.0,32.0,False,on grid,Medium,1.5,24.0,"beast/insect folder, a ox",False
Uncle Istvan,Uncommon,25,True,sprites/enemy/humanoid/human/wizard/black_wizard.atlas,16,16,1.0,16.0,False,on grid,Medium,1.5,24.0,"humanoid/human/wizard folder, +1 step for boss, moves 50%",True
Urza Planeswalker,Rare,60,True,sprites/enemy/humanoid/human/wizard/archmage.atlas,32,32,1.0,32.0,False,on grid,Medium,0.75,24.0,"humanoid/human/wizard folder, +1 step for boss",True
Vampire Lord,Uncommon,18,False,sprites/enemy/undead/vampire_3.atlas,16,16,1.0,16.0,False,on grid,Medium,1.5,24.0,"undead folder, named lord, moves 50%",True
Viridian Drake,Uncommon,28,False,sprites/enemy/basic/dragon/viridian_drake.atlas,16,16,1.0,16.0,False,on grid,Medium,1.5,24.0,"basic/dragon folder, a drake, moves 50%",True
Vorosh,Rare,40,False,sprites/enemy/dragon/drake.atlas,30,34,2.0,68.0,False,already huge,Medium,0.71,24.1,"dragon folder, a drake, moves 65%",True
Wildsear,Rare,30,False,sprites/enemy/beast/largemammals/wolf.atlas,40,40,2.0,80.0,False,on grid,Medium,0.6,24.0,"beast/largemammals folder, moves 70%",True
Wolf Pup,Uncommon,13,False,sprites/enemy/beast/smallmammals/wolfcub.atlas,20,15,0.7,10.5,False,"critter, deliberate",Medium,1.6,24.0,"beast/smallmammals folder, a wolf, moves 129%",True
Wounded Sliver,Common,28,True,sprites/enemy/aberration/wsliver.atlas,32,16,1.0,16.0,False,on grid,Medium,1.5,24.0,"art 16px vs 16px person (x1.00), +1 step for boss, moves 50%",True
Ygra,Rare,40,False,sprites/enemy/beast/cat/lion.atlas,20,16,4.0,64.0,False,on grid,Medium,1.5,24.0,"beast/cat folder, a lion, moves 62%",True
Zedruu,Rare,40,True,sprites/enemy/humanoid/minotaur/zedru.atlas,16,16,1.0,16.0,False,on grid,Medium,1.5,24.0,"humanoid/minotaur folder, +1 step for boss, moves 50%",True
Zetalpa,Rare,28,False,sprites/enemy/dragon/drake.atlas,30,34,2.0,68.0,False,already huge,Medium,0.71,24.1,"dragon folder, a drake, moves 65%",True
Zirda,Rare,20,False,sprites/enemy/beast/smallmammals/fox.atlas,30,16,1.0,16.0,False,on grid,Medium,1.5,24.0,"beast/smallmammals folder, a ox, moves 50%",True
Zombie Lord,Rare,34,False,sprites/enemy/undead/lich.atlas,16,16,1.0,16.0,False,on grid,Medium,1.5,24.0,"undead folder, named lord, moves 50%",True
Aatchik,Uncommon,20,False,sprites/enemy/aberration/phyrexian/copperhostinfector.atlas,16,16,1.0,16.0,False,on grid,Person,1.0,16.0,art 16px vs 16px person (x1.00),True
Abuelo,Uncommon,20,False,sprites/enemy/undead/ghost_3.atlas,16,16,1.0,16.0,False,on grid,Person,1.0,16.0,undead folder,False
Abyssal Baron,Rare,28,False,sprites/enemy/fiend/abyssalbaron.atlas,16,16,1.0,16.0,False,on grid,Person,1.0,16.0,"art 16px vs 16px person (x1.00), tagged humanoid",True
Adeline,Uncommon,22,False,sprites/enemy/humanoid/swordsman_2.atlas,16,16,1.0,16.0,False,on grid,Person,1.0,16.0,humanoid folder,False
Adeliz,Uncommon,30,False,sprites/enemy/humanoid/human/shaman/chandra.atlas,16,16,1.0,16.0,False,on grid,Person,1.0,16.0,humanoid/human/shaman folder,False
Adept Black Wizard,Uncommon,15,False,sprites/enemy/humanoid/human/wizard/black_wiz2.atlas,16,16,1.0,16.0,False,on grid,Person,1.0,16.0,humanoid/human/wizard folder,False
Adept Blue Wizard,Uncommon,15,False,sprites/enemy/humanoid/human/wizard/blue_wiz2.atlas,16,16,1.0,16.0,False,on grid,Person,1.0,16.0,humanoid/human/wizard folder,False
Adept Green Wizard,Uncommon,15,False,sprites/enemy/humanoid/human/wizard/green_wiz2.atlas,16,16,1.0,16.0,False,on grid,Person,1.0,16.0,humanoid/human/wizard folder,False
Adept Necromancer,Rare,27,False,sprites/enemy/basic/magical/adept_necromancer.atlas,16,16,1.0,16.0,False,on grid,Person,1.0,16.0,basic/magical folder,False
Adept Red Wizard,Uncommon,15,False,sprites/enemy/humanoid/human/wizard/red_wiz2.atlas,16,16,1.0,16.0,False,on grid,Person,1.0,16.0,humanoid/human/wizard folder,False
Adept White Wizard,Uncommon,15,False,sprites/enemy/humanoid/human/wizard/white_wiz2.atlas,16,16,1.0,16.0,False,on grid,Person,1.0,16.0,humanoid/human/wizard folder,False
Admiral Brass,Rare,30,False,sprites/enemy/humanoid/human/warlock/witch.atlas,16,16,1.0,16.0,False,on grid,Person,1.0,16.0,humanoid/human/warlock folder,False
Adriana,Common,1,False,sprites/enemy/humanoid/swordsman_2.atlas,16,16,1.0,16.0,False,on grid,Person,1.0,16.0,humanoid folder,False
Adrix and Nev,Rare,20,False,sprites/enemy/humanoid/merfolk/mermaid.atlas,16,16,1.0,16.0,False,on grid,Person,1.0,16.0,humanoid/merfolk folder,False
Adun,Uncommon,30,False,sprites/enemy/humanoid/human/knight/cavalier.atlas,16,16,1.0,16.0,False,on grid,Person,1.0,16.0,humanoid/human/knight folder,False
Adventurer,Common,13,False,sprites/enemy/humanoid/swordsman_3.atlas,16,16,1.0,16.0,False,on grid,Person,1.0,16.0,humanoid folder,False
Aether Channeler,Uncommon,15,False,sprites/enemy/humanoid/human/cleric/monk_3.atlas,16,16,1.0,16.0,False,on grid,Person,1.0,16.0,humanoid/human/cleric folder,False
Aghoy,Common,12,False,sprites/enemy/basic/spirit/aghoy.atlas,11,11,1.0,11.0,False,"critter, deliberate",Person,1.45,15.9,"basic/spirit folder, moves 45%",True
Agrus Kos,Rare,20,False,sprites/enemy/undead/ghost_3.atlas,16,16,1.0,16.0,False,on grid,Person,1.0,16.0,undead folder,False
Ajani,Rare,30,False,sprites/enemy/humanoid/leonin/lion_2.atlas,16,16,1.0,16.0,False,on grid,Person,1.0,16.0,humanoid/leonin folder,False
Akiri and Silas,Rare,40,False,sprites/enemy/humanoid/kor/mineguard.atlas,16,16,1.0,16.0,False,on grid,Person,1.0,16.0,humanoid/kor folder,False
Alandra,Uncommon,19,False,sprites/enemy/humanoid/merfolk/kiora.atlas,16,16,1.0,16.0,False,on grid,Person,1.0,16.0,humanoid/merfolk folder,False
Alela,Uncommon,20,False,sprites/enemy/fey/dimirfaerie.atlas,16,16,1.0,16.0,False,on grid,Person,1.0,16.0,art 16px vs 16px person (x1.00),True
Alesha,Rare,30,False,sprites/enemy/humanoid/paladin_2.atlas,16,16,1.0,16.0,False,on grid,Person,1.0,16.0,humanoid folder,False
Alex Borteh '01,Common,13,False,sprites/enemy/humanoid/human/wizard/blue_wiz2.atlas,16,16,1.0,16.0,False,on grid,Person,1.0,16.0,humanoid/human/wizard folder,False
Alexander Blumke '95,Uncommon,25,False,sprites/enemy/humanoid/human/wizard/black_wizard.atlas,16,16,1.0,16.0,False,on grid,Person,1.0,16.0,humanoid/human/wizard folder,False
Alibou,Rare,20,False,sprites/enemy/construct/golem_3.atlas,16,16,1.0,16.0,False,on grid,Person,1.0,16.0,art 16px vs 16px person (x1.00),True
Alley Knife,Common,12,False,sprites/enemy/basic/humanoid/alley_knife.atlas,12,13,1.0,13.0,False,"critter, deliberate",Person,1.23,16.0,basic/humanoid folder,False
Alquist Proft,Rare,20,False,sprites/enemy/humanoid/human/cleric/monk_3.atlas,16,16,1.0,16.0,False,on grid,Person,1.0,16.0,humanoid/human/cleric folder,False
Alrund,Rare,29,False,sprites/enemy/humanoid/human/wizard/blue_wiz2.atlas,16,16,1.0,16.0,False,on grid,Person,1.0,16.0,humanoid/human/wizard folder,False
Amalia,Rare,30,False,sprites/enemy/humanoid/human/cleric/cleric_orzhov.atlas,16,16,1.0,16.0,False,on grid,Person,1.0,16.0,humanoid/human/cleric folder,False
Amaranhig,Rare,30,False,sprites/enemy/basic/undead/amaranhig.atlas,14,16,1.0,16.0,False,on grid,Person,1.0,16.0,basic/undead folder,False
Aminatou,Uncommon,20,False,sprites/enemy/humanoid/elf/green_wiz3.atlas,16,16,1.0,16.0,False,on grid,Person,1.0,16.0,humanoid/elf folder,False
Amzu,Uncommon,20,False,sprites/enemy/humanoid/nantuko/deadlymantis.atlas,32,32,1.0,32.0,False,on grid,Person,0.5,16.0,"humanoid/nantuko folder, moves 50%",True
Anafenza,Uncommon,20,False,sprites/enemy/humanoid/human/knight/braveknight.atlas,16,16,1.0,16.0,False,on grid,Person,1.0,16.0,humanoid/human/knight folder,False
Angel Warrior,Mythic,49,False,sprites/enemy/celestial/angelwarrior.atlas,16,16,1.0,16.0,False,on grid,Person,1.0,16.0,"art 16px vs 16px person (x1.00), tagged humanoid, life 49",True
Angelic Page,Uncommon,12,False,sprites/enemy/celestial/angel_1.atlas,16,16,1.0,16.0,False,on grid,Person,1.0,16.0,art 16px vs 16px person (x1.00),True
Angus,Uncommon,30,False,sprites/enemy/humanoid/human/cleric/fanatic_priest.atlas,16,16,1.0,16.0,False,on grid,Person,1.0,16.0,humanoid/human/cleric folder,False
Anhelo,Rare,20,False,sprites/enemy/fiend/tibalt.atlas,16,16,1.0,16.0,False,on grid,Person,1.0,16.0,art 16px vs 16px person (x1.00),True
Anikthea,Rare,30,False,sprites/enemy/humanoid/elf/shaman.atlas,16,16,1.0,16.0,False,on grid,Person,1.0,16.0,humanoid/elf folder,False
Anje,Uncommon,30,False,sprites/enemy/humanoid/human/cleric/cleric_orzhov.atlas,16,16,1.0,16.0,False,on grid,Person,1.0,16.0,humanoid/human/cleric folder,False
Anowon,Uncommon,20,False,sprites/enemy/undead/vampire.atlas,16,16,1.0,16.0,False,on grid,Person,1.0,16.0,undead folder,False
Antoine Ruel '01,Uncommon,25,False,sprites/enemy/humanoid/human/wizard/dimir_wiz.atlas,16,16,1.0,16.0,False,on grid,Person,1.0,16.0,humanoid/human/wizard folder,False
Anya,Rare,20,False,sprites/enemy/celestial/angelwarrior.atlas,16,16,1.0,16.0,False,on grid,Person,1.0,16.0,art 16px vs 16px person (x1.00),True
Aphemia,Rare,29,False,sprites/enemy/monstrosity/harpy_2.atlas,16,16,1.0,16.0,False,on grid,Person,1.0,16.0,art 16px vs 16px person (x1.00),True
Apprentice Black Wizard,Common,15,False,sprites/enemy/humanoid/human/wizard/black_wizard.atlas,16,16,1.0,16.0,False,on grid,Person,1.0,16.0,humanoid/human/wizard folder,False
Apprentice Blue Wizard,Common,10,False,sprites/enemy/humanoid/human/wizard/mage.atlas,16,16,1.0,16.0,False,on grid,Person,1.0,16.0,humanoid/human/wizard folder,False
Apprentice Green Wizard,Uncommon,10,False,sprites/enemy/humanoid/human/wizard/green_wiz1.atlas,16,16,1.0,16.0,False,on grid,Person,1.0,16.0,humanoid/human/wizard folder,False
Apprentice Red Wizard,Uncommon,10,False,sprites/enemy/humanoid/human/wizard/enchanter.atlas,16,16,1.0,16.0,False,on grid,Person,1.0,16.0,humanoid/human/wizard folder,False
Apprentice White Wizard,Uncommon,10,False,sprites/enemy/humanoid/human/cleric/priest.atlas,16,16,1.0,16.0,False,on grid,Person,1.0,16.0,humanoid/human/cleric folder,False
Arabella,Rare,30,False,sprites/enemy/humanoid/human/cleric/priest.atlas,16,16,1.0,16.0,False,on grid,Person,1.0,16.0,humanoid/human/cleric folder,False
Arcanis,Uncommon,36,False,sprites/enemy/humanoid/human/wizard/jace.atlas,16,16,2.0,32.0,False,on grid,Person,1.0,16.0,"humanoid/human/wizard folder, moves 50%",True
Arch Angel of Shandalar,Uncommon,22,False,sprites/enemy/celestial/angel_1.atlas,16,16,1.0,16.0,False,on grid,Person,1.0,16.0,art 16px vs 16px person (x1.00),True
Archer,Common,11,False,sprites/enemy/humanoid/human/archer/archer_2.atlas,16,16,1.0,16.0,False,on grid,Person,1.0,16.0,humanoid/human/archer folder,False
Archer Elite,Rare,25,False,sprites/enemy/humanoid/human/archer/bowmandefender.atlas,16,16,1.0,16.0,False,on grid,Person,1.0,16.0,humanoid/human/archer folder,False
Archfiend,Rare,31,False,sprites/enemy/fiend/archfiend.atlas,32,32,1.0,32.0,False,on grid,Person,0.5,16.0,"art 32px vs 16px person (x2.00), tagged humanoid, moves 50%",True
Archivist,Uncommon,19,False,sprites/enemy/humanoid/human/wizard/archivist.atlas,16,16,1.0,16.0,False,on grid,Person,1.0,16.0,humanoid/human/wizard folder,False
Arguel,Rare,40,False,sprites/enemy/humanoid/human/knight/false_knight.atlas,16,16,1.0,16.0,False,on grid,Person,1.0,16.0,humanoid/human/knight folder,False
Armored Knight,Rare,25,False,sprites/enemy/humanoid/knight.atlas,16,16,1.0,16.0,False,on grid,Person,1.0,16.0,humanoid folder,False
Arni,Rare,30,False,sprites/enemy/humanoid/dwarf/dwarf_5.atlas,16,16,1.0,16.0,False,on grid,Person,1.0,16.0,humanoid/dwarf folder,False
Arnyn,Uncommon,18,False,sprites/enemy/undead/vampire_2.atlas,16,16,1.0,16.0,False,on grid,Person,1.0,16.0,undead folder,False
Artifact Warrior,Mythic,42,False,sprites/enemy/construct/artifactsoldier.atlas,16,16,1.0,16.0,False,on grid,Person,1.0,16.0,art 16px vs 16px person (x1.00),True
Arvad,Rare,20,False,sprites/enemy/humanoid/human/soldier/swordsman.atlas,16,16,1.0,16.0,False,on grid,Person,1.0,16.0,humanoid/human/soldier folder,False
Ascendant Evincar,Rare,33,False,sprites/enemy/undead/vampire_3.atlas,16,16,1.0,16.0,False,on grid,Person,1.0,16.0,undead folder,False
Ashling,Mythic,80,False,sprites/enemy/elemental/magmaelemental.atlas,16,16,1.0,16.0,False,on grid,Person,1.0,16.0,"art 16px vs 16px person (x1.00), life 80",True
Ashmouth Devil,Uncommon,18,False,sprites/enemy/fiend/devil.atlas,16,16,1.0,16.0,False,on grid,Person,1.0,16.0,"art 16px vs 16px person (x1.00), tagged humanoid",True
Ashnod,Uncommon,30,False,sprites/enemy/humanoid/human/shaman/chandra.atlas,16,16,1.0,16.0,False,on grid,Person,1.0,16.0,humanoid/human/shaman folder,False
Asmira,Uncommon,40,False,sprites/enemy/humanoid/human/cleric/priest.atlas,16,16,1.0,16.0,False,on grid,Person,1.0,16.0,humanoid/human/cleric folder,False
Athreos,Rare,40,False,sprites/enemy/undead/lich.atlas,16,16,2.0,32.0,False,on grid,Person,1.0,16.0,"undead folder, moves 50%",True
Atla Palani,Rare,40,False,sprites/enemy/humanoid/elf/shaman.atlas,16,16,1.0,16.0,False,on grid,Person,1.0,16.0,humanoid/elf folder,False
Atogatog,Uncommon,30,False,sprites/enemy/humanoid/viashino/dreamwalker_2.atlas,16,16,1.0,16.0,False,on grid,Person,1.0,16.0,humanoid/viashino folder,False
Atraxa,Mythic,50,False,sprites/enemy/aberration/phyrexian/phyrexianangel.atlas,16,16,1.0,16.0,False,on grid,Person,1.0,16.0,"art 16px vs 16px person (x1.00), life 50",True
Atris,Rare,30,False,sprites/enemy/undead/lich_3.atlas,16,16,1.0,16.0,False,on grid,Person,1.0,16.0,undead folder,False
Auntie Ool,Rare,60,False,sprites/enemy/humanoid/goblin/goblin_4.atlas,16,16,1.0,16.0,False,on grid,Person,1.0,16.0,"humanoid/goblin folder, life 60",True
Autumn Willow,Rare,27,False,sprites/enemy/humanoid/elf/druid.atlas,16,16,1.0,16.0,False,on grid,Person,1.0,16.0,humanoid/elf folder,False
Autumn Willow (An-Havva),Mythic,54,False,sprites/enemy/humanoid/elf/druid_2.atlas,16,16,1.0,16.0,False,on grid,Person,1.0,16.0,"humanoid/elf folder, life 54",True
Avacynian Preacher,Common,11,False,sprites/enemy/humanoid/human/cleric/cleric.atlas,16,16,1.0,16.0,False,on grid,Person,1.0,16.0,humanoid/human/cleric folder,False
Averna,Uncommon,20,False,sprites/enemy/elemental/magicelemental.atlas,16,16,1.0,16.0,False,on grid,Person,1.0,16.0,art 16px vs 16px person (x1.00),True
Axgard Dwarf,Common,13,False,sprites/enemy/humanoid/dwarf/dwarf_8.atlas,16,16,1.0,16.0,False,on grid,Person,1.0,16.0,humanoid/dwarf folder,False
Ayara,Mythic,48,False,sprites/enemy/humanoid/human/wizard/black_wiz3.atlas,16,16,1.0,16.0,False,on grid,Person,1.0,16.0,"humanoid/human/wizard folder, life 48",True
Azami,Rare,30,False,sprites/enemy/humanoid/human/cleric/priest.atlas,16,16,1.0,16.0,False,on grid,Person,1.0,16.0,humanoid/human/cleric folder,False
Aziza,Uncommon,30,False,sprites/enemy/elemental/fireelemental.atlas,16,16,1.0,16.0,False,on grid,Person,1.0,16.0,art 16px vs 16px person (x1.00),True
Azusa,Mythic,47,False,sprites/enemy/humanoid/elf/druid_2.atlas,16,16,1.0,16.0,False,on grid,Person,1.0,16.0,"humanoid/elf folder, life 47",True
Balthor,Uncommon,30,False,sprites/enemy/undead/zombie_2.atlas,16,16,1.0,16.0,False,on grid,Person,1.0,16.0,undead folder,False
Bandit,Uncommon,13,False,sprites/enemy/humanoid/dwarf/dwarf_7.atlas,16,16,1.0,16.0,False,on grid,Person,1.0,16.0,humanoid/dwarf folder,False
Baral,Rare,21,False,sprites/enemy/humanoid/human/wizard/red_wiz3.atlas,16,16,1.0,16.0,False,on grid,Person,1.0,16.0,humanoid/human/wizard folder,False
Baru,Uncommon,20,False,sprites/enemy/humanoid/human/soldier/hoplite.atlas,16,16,1.0,16.0,False,on grid,Person,1.0,16.0,humanoid/human/soldier folder,False
Bayou Dweller of Darigaaz,Rare,20,False,sprites/enemy/humanoid/human/wizard/black_wiz2.atlas,16,16,1.0,16.0,False,on grid,Person,1.0,16.0,humanoid/human/wizard folder,False
Beast Master of Shandalar,Common,10,False,sprites/enemy/humanoid/elf/druid.atlas,16,16,1.0,16.0,False,on grid,Person,1.0,16.0,humanoid/elf folder,False
Beastmaster,Uncommon,15,False,sprites/enemy/humanoid/human/warrior/caribou_elite.atlas,16,16,1.0,16.0,False,on grid,Person,1.0,16.0,humanoid/human/warrior folder,False
Beholder,Uncommon,15,False,sprites/enemy/aberration/beholder.atlas,16,16,1.0,16.0,False,on grid,Person,1.0,16.0,art 16px vs 16px person (x1.00),True
Bennie Bracks,Rare,18,False,sprites/enemy/humanoid/human/wizard/teferi.atlas,16,16,1.0,16.0,False,on grid,Person,1.0,16.0,humanoid/human/wizard folder,False
Berserker,Uncommon,13,False,sprites/enemy/humanoid/dwarf/dwarf_5.atlas,16,16,1.0,16.0,False,on grid,Person,1.0,16.0,humanoid/dwarf folder,False
Bertrand Lestree '94,Uncommon,25,False,sprites/enemy/humanoid/human/warrior/warrior.atlas,16,16,1.0,16.0,False,on grid,Person,1.0,16.0,humanoid/human/warrior folder,False
Bess,Uncommon,20,False,sprites/enemy/humanoid/human/wizard/green_wiz2.atlas,16,16,1.0,16.0,False,on grid,Person,1.0,16.0,humanoid/human/wizard folder,False
Bestial Lizardfolk,Uncommon,20,False,sprites/enemy/basic/humanoid/bestial_lizardfolk.atlas,16,16,1.0,16.0,False,on grid,Person,1.0,16.0,basic/humanoid folder,False
Big Zombie,Common,13,False,sprites/enemy/undead/zombie_2.atlas,16,16,1.0,16.0,False,on grid,Person,1.0,16.0,undead folder,False
Bird,Common,11,False,sprites/enemy/monstrosity/griffin_2.atlas,16,16,1.0,16.0,False,on grid,Person,1.0,16.0,art 16px vs 16px person (x1.00),True
Birgi,Uncommon,20,False,sprites/enemy/humanoid/elf/shaman.atlas,16,16,1.0,16.0,False,on grid,Person,1.0,16.0,humanoid/elf folder,False
Black Dragonkin Renegade,Rare,29,False,sprites/enemy/heroes/dragonkin_b.atlas,16,16,1.0,16.0,False,on grid,Person,1.0,16.0,heroes folder,False
Black Golem,Rare,32,False,sprites/enemy/construct/golem_black.atlas,16,16,1.0,16.0,False,on grid,Person,1.0,16.0,art 16px vs 16px person (x1.00),True
Bloodied Skeleton,Common,13,False,sprites/enemy/undead/bloodiedskeleton.atlas,24,16,1.0,16.0,False,on grid,Person,1.0,16.0,undead folder,False
Blue Dragonkin Renegade,Rare,30,False,sprites/enemy/heroes/dragonkin_u.atlas,16,16,1.0,16.0,False,on grid,Person,1.0,16.0,heroes folder,False
Blue Dwende,Common,12,False,sprites/enemy/basic/spirit/blue_dwende.atlas,10,12,1.0,12.0,False,"critter, deliberate",Person,1.33,16.0,basic/spirit folder,False
Blue Golem,Mythic,49,False,sprites/enemy/construct/golem_blue.atlas,16,16,1.0,16.0,False,on grid,Person,1.0,16.0,"art 16px vs 16px person (x1.00), life 49",True
Blue Prototype,Rare,18,False,sprites/enemy/construct/prototype_blue.atlas,16,16,1.0,16.0,False,on grid,Person,1.0,16.0,art 16px vs 16px person (x1.00),True
Bog Hermit,Common,10,False,sprites/enemy/humanoid/human/peasant/inn_hermit.atlas,16,16,1.0,16.0,False,on grid,Person,1.0,16.0,humanoid/human/peasant folder,False
Bog Witch,Common,13,False,sprites/enemy/humanoid/human/wizard/black_wiz3.atlas,16,16,1.0,16.0,False,on grid,Person,1.0,16.0,humanoid/human/wizard folder,False
Boggart,Common,12,False,sprites/enemy/humanoid/goblin/goblin_2.atlas,16,16,1.0,16.0,False,on grid,Person,1.0,16.0,humanoid/goblin folder,False
Bone Golem,Rare,20,False,sprites/enemy/undead/bonegolem.atlas,16,16,1.0,16.0,False,on grid,Person,1.0,16.0,undead folder,False
Bontu,Rare,30,False,sprites/enemy/humanoid/viashino/dreamwalker.atlas,16,16,1.0,16.0,False,on grid,Person,1.0,16.0,humanoid/viashino folder,False
Borderland Ranger,Common,15,False,sprites/enemy/humanoid/human/rogue/pirate.atlas,16,16,1.0,16.0,False,on grid,Person,1.0,16.0,humanoid/human/rogue folder,False
Bosh,Rare,22,False,sprites/enemy/construct/artifactsoldier.atlas,16,16,1.0,16.0,False,on grid,Person,1.0,16.0,art 16px vs 16px person (x1.00),True
Bound Cadaver,Common,12,False,sprites/enemy/basic/undead/bound_cadaver.atlas,16,16,1.0,16.0,False,on grid,Person,1.0,16.0,basic/undead folder,False
Brago,Uncommon,20,False,sprites/enemy/undead/deathknightidle.atlas,16,16,1.0,16.0,False,on grid,Person,1.0,16.0,undead folder,False
Braids,Uncommon,32,False,sprites/enemy/undead/ghost_2.atlas,16,16,1.0,16.0,False,on grid,Person,1.0,16.0,undead folder,False
Bre,Rare,60,False,sprites/enemy/humanoid/human/cleric/cleric_orzhov.atlas,16,16,2.0,32.0,False,on grid,Person,1.0,16.0,"humanoid/human/cleric folder, life 60, moves 50%",True
Brenard,Uncommon,30,False,sprites/enemy/humanoid/human/wizard/blue_wiz2.atlas,16,16,1.0,16.0,False,on grid,Person,1.0,16.0,humanoid/human/wizard folder,False
Breya,Rare,50,False,sprites/enemy/humanoid/human/warlock/witch.atlas,16,16,1.0,16.0,False,on grid,Person,1.0,16.0,"humanoid/human/warlock folder, life 50",True
Bria,Rare,20,False,sprites/enemy/humanoid/human/wizard/mage_2.atlas,16,16,1.0,16.0,False,on grid,Person,1.0,16.0,humanoid/human/wizard folder,False
Brian Hacker '98,Uncommon,24,False,sprites/enemy/humanoid/human/knight/paladin.atlas,16,16,1.0,16.0,False,on grid,Person,1.0,16.0,humanoid/human/knight folder,False
Brian Kibler '02,Rare,25,False,sprites/enemy/humanoid/human/knight/paladin.atlas,16,16,1.0,16.0,False,on grid,Person,1.0,16.0,humanoid/human/knight folder,False
Brian Selden '98,Rare,25,False,sprites/enemy/humanoid/elf/shaman.atlas,16,16,1.0,16.0,False,on grid,Person,1.0,16.0,humanoid/elf folder,False
Brimaz,Rare,30,False,sprites/enemy/humanoid/leonin/lion_2.atlas,16,16,1.0,16.0,False,on grid,Person,1.0,16.0,humanoid/leonin folder,False
Brittle Archer,Common,11,False,sprites/enemy/basic/undead/brittle_archer.atlas,16,16,1.0,16.0,False,on grid,Person,1.0,16.0,basic/undead folder,False
Brudiclad,Uncommon,30,False,sprites/enemy/construct/myr.atlas,16,16,1.0,16.0,False,on grid,Person,1.0,16.0,art 16px vs 16px person (x1.00),True
Bruvac,Rare,27,False,sprites/enemy/humanoid/human/wizard/archivist.atlas,16,16,1.0,16.0,False,on grid,Person,1.0,16.0,humanoid/human/wizard folder,False
Cadric,Rare,20,False,sprites/enemy/humanoid/dwarf/dwarf_5.atlas,16,16,1.0,16.0,False,on grid,Person,1.0,16.0,humanoid/dwarf folder,False
Calix,Rare,30,False,sprites/enemy/humanoid/human/soldier/hoplite.atlas,16,16,1.0,16.0,False,on grid,Person,1.0,16.0,humanoid/human/soldier folder,False
Captain Storm,Common,20,False,sprites/enemy/humanoid/human/rogue/pirate_captain.atlas,16,16,1.0,16.0,False,on grid,Person,1.0,16.0,humanoid/human/rogue folder,False
Carcass Feeder,Uncommon,20,False,sprites/enemy/basic/undead/carcass_feeder.atlas,16,16,1.0,16.0,False,on grid,Person,1.0,16.0,basic/undead folder,False
Carlos Romao '02,Uncommon,25,False,sprites/enemy/humanoid/human/wizard/dimir_wiz.atlas,16,16,1.0,16.0,False,on grid,Person,1.0,16.0,humanoid/human/wizard folder,False
Carmen,Rare,30,False,sprites/enemy/humanoid/human/cleric/monk_2.atlas,16,16,1.0,16.0,False,on grid,Person,1.0,16.0,humanoid/human/cleric folder,False
Cathar,Uncommon,13,False,sprites/enemy/humanoid/human/soldier/cathar.atlas,16,16,1.0,16.0,False,on grid,Person,1.0,16.0,humanoid/human/soldier folder,False
Cayth,Rare,20,False,sprites/enemy/humanoid/dwarf/polar_cavalry.atlas,16,16,1.0,16.0,False,on grid,Person,1.0,16.0,humanoid/dwarf folder,False
Cazur and Ukkima,Rare,30,False,sprites/enemy/humanoid/human/warrior/antlered_elite.atlas,16,16,1.0,16.0,False,on grid,Person,1.0,16.0,humanoid/human/warrior folder,False
Centaur,Rare,16,False,sprites/enemy/fey/centaur.atlas,16,16,1.0,16.0,False,on grid,Person,1.0,16.0,"art 16px vs 16px person (x1.00), tagged humanoid",True
Centaur Warrior,Common,16,False,sprites/enemy/fey/centaur_2.atlas,16,16,1.0,16.0,False,on grid,Person,1.0,16.0,"art 16px vs 16px person (x1.00), tagged humanoid",True
Cerise,Rare,26,False,sprites/enemy/humanoid/human/knight/cavalier.atlas,16,16,1.0,16.0,False,on grid,Person,1.0,16.0,humanoid/human/knight folder,False
Chainer,Rare,20,False,sprites/enemy/humanoid/human/wizard/rakdos_wiz.atlas,16,16,1.0,16.0,False,on grid,Person,1.0,16.0,humanoid/human/wizard folder,False
Challenger 20,Uncommon,22,False,sprites/enemy/aberration/challenger.atlas,16,16,1.0,16.0,False,on grid,Person,1.0,16.0,art 16px vs 16px person (x1.00),True
Challenger 21,Rare,22,False,sprites/enemy/aberration/challenger.atlas,16,16,1.0,16.0,False,on grid,Person,1.0,16.0,art 16px vs 16px person (x1.00),True
Challenger 22,Uncommon,22,False,sprites/enemy/aberration/challenger.atlas,16,16,1.0,16.0,False,on grid,Person,1.0,16.0,art 16px vs 16px person (x1.00),True
Chandra's Acolyte,Rare,28,False,sprites/enemy/humanoid/human/wizard/red_wiz2.atlas,16,16,1.0,16.0,False,on grid,Person,1.0,16.0,humanoid/human/wizard folder,False
Chandra's Firestarter,Rare,32,False,sprites/enemy/humanoid/human/wizard/red_wiz3.atlas,16,16,1.0,16.0,False,on grid,Person,1.0,16.0,humanoid/human/wizard folder,False
Chandra's Hellhound,Uncommon,17,False,sprites/enemy/fiend/hellhound_2.atlas,16,16,1.0,16.0,False,on grid,Person,1.0,16.0,art 16px vs 16px person (x1.00),True
Chandra's Immolator,Rare,30,False,sprites/enemy/humanoid/human/wizard/red_wiz2.atlas,16,16,1.0,16.0,False,on grid,Person,1.0,16.0,humanoid/human/wizard folder,False
Chandra's Lavamancer,Rare,34,False,sprites/enemy/humanoid/human/wizard/red_wiz3.atlas,16,16,1.0,16.0,False,on grid,Person,1.0,16.0,humanoid/human/wizard folder,False
Chandra's Pyromancer,Uncommon,27,False,sprites/enemy/humanoid/human/wizard/red_wiz2.atlas,16,16,1.0,16.0,False,on grid,Person,1.0,16.0,humanoid/human/wizard folder,False
Chandra's Scorcher,Rare,28,False,sprites/enemy/humanoid/human/wizard/red_wiz2.atlas,16,16,1.0,16.0,False,on grid,Person,1.0,16.0,humanoid/human/wizard folder,False
Chishiro,Rare,20,False,sprites/enemy/humanoid/viashino/scout.atlas,16,16,1.0,16.0,False,on grid,Person,1.0,16.0,humanoid/viashino folder,False
Circu,Uncommon,20,False,sprites/enemy/humanoid/human/bandit/bandittorturer.atlas,32,32,0.5,16.0,False,on grid,Person,0.5,16.0,humanoid/human/bandit folder,False
Clavileño,Rare,30,False,sprites/enemy/undead/vampire_3.atlas,16,16,1.0,16.0,False,on grid,Person,1.0,16.0,undead folder,False
Clay Golem,Mythic,45,False,sprites/enemy/construct/golem_2.atlas,16,16,1.0,16.0,False,on grid,Person,1.0,16.0,"art 16px vs 16px person (x1.00), life 45",True
Cleric,Uncommon,13,False,sprites/enemy/humanoid/human/cleric/cleric.atlas,16,16,1.0,16.0,False,on grid,Person,1.0,16.0,humanoid/human/cleric folder,False
Cloaked Old Man,Common,13,False,sprites/enemy/humanoid/human/wizard/black_wiz2.atlas,16,16,1.0,16.0,False,on grid,Person,1.0,16.0,humanoid/human/wizard folder,False
Colfenor,Common,20,False,sprites/enemy/plant/treant.atlas,16,16,1.0,16.0,False,on grid,Person,1.0,16.0,art 16px vs 16px person (x1.00),True
Commodore Guff,Mythic,40,False,sprites/enemy/humanoid/dwarf/dwarf_5.atlas,16,16,1.0,16.0,False,on grid,Person,1.0,16.0,humanoid/dwarf folder,False
Construct,Common,14,False,sprites/enemy/construct/golem_3.atlas,16,16,1.0,16.0,False,on grid,Person,1.0,16.0,art 16px vs 16px person (x1.00),True
Copper Host Brutalizer,Uncommon,19,False,sprites/enemy/aberration/phyrexian/copperhostbrutalizer.atlas,16,16,1.0,16.0,False,on grid,Person,1.0,16.0,"art 16px vs 16px person (x1.00), tagged humanoid",True
Copper Host Infector,Uncommon,16,False,sprites/enemy/aberration/phyrexian/copperhostinfector.atlas,16,16,1.0,16.0,False,on grid,Person,1.0,16.0,"art 16px vs 16px person (x1.00), tagged humanoid",True
Coram,Rare,20,False,sprites/enemy/humanoid/human/bandit/banditleader.atlas,32,32,1.0,32.0,False,on grid,Person,0.5,16.0,"humanoid/human/bandit folder, moves 50%",True
Cormela,Rare,20,False,sprites/enemy/humanoid/human/wizard/black_wiz3.atlas,16,16,1.0,16.0,False,on grid,Person,1.0,16.0,humanoid/human/wizard folder,False
Corrupted Blue Wizard,Uncommon,15,False,sprites/enemy/humanoid/human/wizard/corrupted_bluewiz.atlas,16,16,1.0,16.0,False,on grid,Person,1.0,16.0,humanoid/human/wizard folder,False
Corrupted Cleric,Uncommon,15,False,sprites/enemy/humanoid/human/cleric/corrupted_cleric.atlas,16,16,1.0,16.0,False,on grid,Person,1.0,16.0,humanoid/human/cleric folder,False
Corrupted Green Wizard,Rare,15,False,sprites/enemy/humanoid/human/wizard/corrupted_greenwiz.atlas,16,16,1.0,16.0,False,on grid,Person,1.0,16.0,humanoid/human/wizard folder,False
Corrupted Red Wizard,Uncommon,15,False,sprites/enemy/humanoid/human/wizard/corrupted_redwiz.atlas,16,16,1.0,16.0,False,on grid,Person,1.0,16.0,humanoid/human/wizard folder,False
Corrupted Treant,Rare,27,False,sprites/enemy/basic/magical/corrupted_treant.atlas,16,16,1.0,16.0,False,on grid,Person,1.0,16.0,basic/magical folder,False
Cosima,Rare,30,False,sprites/enemy/humanoid/human/artificer/esper_artificer.atlas,16,16,1.0,16.0,False,on grid,Person,1.0,16.0,humanoid/human/artificer folder,False
Cynette,Uncommon,41,False,sprites/enemy/humanoid/human/cleric/cleric.atlas,16,16,1.0,16.0,False,on grid,Person,1.0,16.0,humanoid/human/cleric folder,False
Cyrille deFoucaud '94,Rare,25,False,sprites/enemy/humanoid/human/wizard/red_wiz2.atlas,16,16,1.0,16.0,False,on grid,Person,1.0,16.0,humanoid/human/wizard folder,False
Daghatar,Uncommon,20,False,sprites/enemy/humanoid/swordsman_2.atlas,16,16,1.0,16.0,False,on grid,Person,1.0,16.0,humanoid folder,False
Dalakos,Uncommon,20,False,sprites/enemy/humanoid/merfolk/merfolk.atlas,16,16,1.0,16.0,False,on grid,Person,1.0,16.0,humanoid/merfolk folder,False
Damia,Rare,40,False,sprites/enemy/monstrosity/gorgone.atlas,16,16,1.0,16.0,False,on grid,Person,1.0,16.0,art 16px vs 16px person (x1.00),True
Daniel Zink '03,Uncommon,25,False,sprites/enemy/humanoid/human/wizard/white_wiz2.atlas,16,16,1.0,16.0,False,on grid,Person,1.0,16.0,humanoid/human/wizard folder,False
Danitha,Common,12,False,sprites/enemy/humanoid/paladin_2.atlas,16,16,1.0,16.0,False,on grid,Person,1.0,16.0,humanoid folder,False
Dark Knight,Uncommon,14,False,sprites/enemy/humanoid/human/knight/death_knight.atlas,16,16,1.0,16.0,False,on grid,Person,1.0,16.0,humanoid/human/knight folder,False
Dark Spirit,Common,13,False,sprites/enemy/undead/ghost.atlas,16,16,1.0,16.0,False,on grid,Person,1.0,16.0,undead folder,False
Daughter of Autumn,Uncommon,40,False,sprites/enemy/humanoid/elf/druid.atlas,16,16,1.0,16.0,False,on grid,Person,1.0,16.0,humanoid/elf folder,False
Dave Humpherys '03,Common,25,False,sprites/enemy/humanoid/human/wizard/green_wiz1.atlas,16,16,1.0,16.0,False,on grid,Person,1.0,16.0,humanoid/human/wizard folder,False
Dawnhart Witch,Common,13,False,sprites/enemy/humanoid/human/warlock/dawnhart_witch.atlas,16,16,1.0,16.0,False,on grid,Person,1.0,16.0,humanoid/human/warlock folder,False
Death Knight,Uncommon,15,False,sprites/enemy/humanoid/human/knight/death_knight_2.atlas,16,16,1.0,16.0,False,on grid,Person,1.0,16.0,humanoid/human/knight folder,False
Decrepit Bones,Common,13,False,sprites/enemy/basic/undead/decrepit_bones.atlas,16,16,1.0,16.0,False,on grid,Person,1.0,16.0,basic/undead folder,False
Deekah,Rare,31,False,sprites/enemy/humanoid/human/cleric/cleric.atlas,16,16,1.0,16.0,False,on grid,Person,1.0,16.0,humanoid/human/cleric folder,False
Deft Sorceress,Rare,27,False,sprites/enemy/basic/magical/deft_sorceress.atlas,16,16,1.0,16.0,False,on grid,Person,1.0,16.0,basic/magical folder,False
Delney,Uncommon,19,False,sprites/enemy/humanoid/human/cleric/monk_2.atlas,16,16,1.0,16.0,False,on grid,Person,1.0,16.0,humanoid/human/cleric folder,False
Demon,Uncommon,17,False,sprites/enemy/fiend/demon_3.atlas,16,16,1.0,16.0,False,on grid,Person,1.0,16.0,"art 16px vs 16px person (x1.00), tagged humanoid",True
Demon of Tibalt,Mythic,51,False,sprites/enemy/fiend/cacodaemon.atlas,64,64,1.0,64.0,False,on grid,Person,0.25,16.0,"art 64px vs 16px person (x4.00), tagged humanoid, life 51, moves 75%",True
Denry Klin,Uncommon,20,False,sprites/enemy/humanoid/leonin/lion.atlas,16,16,1.0,16.0,False,on grid,Person,1.0,16.0,humanoid/leonin folder,False
Depala,Uncommon,20,False,sprites/enemy/humanoid/dwarf/dwarfpilot.atlas,16,16,1.0,16.0,False,on grid,Person,1.0,16.0,humanoid/dwarf folder,False
Derevi,Rare,50,False,sprites/enemy/humanoid/aven/falconheadedaven.atlas,16,16,1.0,16.0,False,on grid,Person,1.0,16.0,"humanoid/aven folder, life 50",True
Devil Renegade,Rare,30,False,sprites/enemy/heroes/devil_m.atlas,16,16,1.0,16.0,False,on grid,Person,1.0,16.0,heroes folder,False
Devil Wanderer,Common,12,False,sprites/enemy/heroes/devil_f.atlas,16,16,1.0,16.0,False,on grid,Person,1.0,16.0,heroes folder,False
Dihada,Rare,40,False,sprites/enemy/humanoid/human/warlock/witch.atlas,16,16,1.0,16.0,False,on grid,Person,1.0,16.0,humanoid/human/warlock folder,False
Dimir Faerie,Rare,17,False,sprites/enemy/fey/pixie_dimir.atlas,16,16,1.0,16.0,False,on grid,Person,1.0,16.0,art 16px vs 16px person (x1.00),True
Dina,Uncommon,20,False,sprites/enemy/humanoid/human/wizard/green_wiz2.atlas,16,16,1.0,16.0,False,on grid,Person,1.0,16.0,humanoid/human/wizard folder,False
Disa,Rare,40,False,sprites/enemy/humanoid/elf/hunter_2.atlas,16,16,1.0,16.0,False,on grid,Person,1.0,16.0,humanoid/elf folder,False
Disciple of Teferi,Rare,12,False,sprites/enemy/humanoid/human/cleric/monk.atlas,16,16,1.0,16.0,False,on grid,Person,1.0,16.0,humanoid/human/cleric folder,False
Dismembered Crawler,Common,10,False,sprites/enemy/basic/undead/dismembered_crawler.atlas,16,16,1.0,16.0,False,on grid,Person,1.0,16.0,basic/undead folder,False
Djinn,Uncommon,18,False,sprites/enemy/elemental/djinn.atlas,16,16,1.0,16.0,False,on grid,Person,1.0,16.0,"art 16px vs 16px person (x1.00), tagged humanoid",True
Domain Keeper of Cromat,Rare,25,False,sprites/enemy/celestial/angel_2.atlas,16,16,1.0,16.0,False,on grid,Person,1.0,16.0,"art 16px vs 16px person (x1.00), tagged humanoid",True
Dominic Symens '94,Uncommon,25,False,sprites/enemy/humanoid/human/warlock/witch.atlas,16,16,1.0,16.0,False,on grid,Person,1.0,16.0,humanoid/human/warlock folder,False
Domri Rade,Uncommon,25,False,sprites/enemy/humanoid/human/shaman/garruk2.atlas,16,16,1.0,16.0,False,on grid,Person,1.0,16.0,humanoid/human/shaman folder,False
Don Andres,Rare,30,False,sprites/enemy/humanoid/human/rogue/pirate3.atlas,16,16,1.0,16.0,False,on grid,Person,1.0,16.0,humanoid/human/rogue folder,False
Doppelganger,Uncommon,20,False,sprites/enemy/undead/doppelganger.atlas,16,16,1.0,16.0,False,on grid,Person,1.0,16.0,undead folder,False
Dovin Baan,Uncommon,26,False,sprites/enemy/humanoid/human/wizard/wizard_2.atlas,16,16,1.0,16.0,False,on grid,Person,1.0,16.0,humanoid/human/wizard folder,False
Drivnod,Rare,28,False,sprites/enemy/aberration/phyrexian/drossgrimnarch.atlas,16,16,1.0,16.0,False,on grid,Person,1.0,16.0,art 16px vs 16px person (x1.00),True
Dross Gladiator,Uncommon,22,False,sprites/enemy/aberration/phyrexian/drossgladiator.atlas,16,16,1.0,16.0,False,on grid,Person,1.0,16.0,"art 16px vs 16px person (x1.00), tagged humanoid",True
Dross Grimnarch,Uncommon,19,False,sprites/enemy/aberration/phyrexian/drossgrimnarch.atlas,16,16,1.0,16.0,False,on grid,Person,1.0,16.0,"art 16px vs 16px person (x1.00), tagged humanoid",True
Dune Ghoul,Common,12,False,sprites/enemy/basic/undead/dune_ghoul.atlas,16,16,1.0,16.0,False,on grid,Person,1.0,16.0,basic/undead folder,False
Dwarf,Uncommon,13,False,sprites/enemy/humanoid/dwarf/dwarf_2.atlas,16,16,1.0,16.0,False,on grid,Person,1.0,16.0,humanoid/dwarf folder,False
Dwarf Demolisher,Uncommon,14,False,sprites/enemy/humanoid/dwarf/dwarf_3.atlas,16,16,1.0,16.0,False,on grid,Person,1.0,16.0,humanoid/dwarf folder,False
Dwarf Mercenary,Uncommon,13,False,sprites/enemy/humanoid/dwarf/dwarf_4.atlas,16,16,1.0,16.0,False,on grid,Person,1.0,16.0,humanoid/dwarf folder,False
Dwarf Pilot,Rare,13,False,sprites/enemy/humanoid/dwarf/dwarfpilot.atlas,16,16,1.0,16.0,False,on grid,Person,1.0,16.0,humanoid/dwarf folder,False
Dwarf Renegade,Rare,30,False,sprites/enemy/heroes/dwarf_m.atlas,16,16,1.0,16.0,False,on grid,Person,1.0,16.0,heroes folder,False
Dwarf Wanderer,Common,11,False,sprites/enemy/heroes/dwarf_f.atlas,16,16,1.0,16.0,False,on grid,Person,1.0,16.0,heroes folder,False
Edgar Markov,Rare,50,False,sprites/enemy/undead/vampire_2.atlas,16,16,1.0,16.0,False,on grid,Person,1.0,16.0,"undead folder, life 50",True
Efreet,Uncommon,18,False,sprites/enemy/elemental/efreet_2.atlas,16,16,1.0,16.0,False,on grid,Person,1.0,16.0,"art 16px vs 16px person (x1.00), tagged humanoid",True
Egon,Mythic,54,False,sprites/enemy/undead/lich.atlas,16,16,1.0,16.0,False,on grid,Person,1.0,16.0,"undead folder, life 54",True
Eladamri,Common,11,False,sprites/enemy/humanoid/elf/druid.atlas,16,16,1.0,16.0,False,on grid,Person,1.0,16.0,humanoid/elf folder,False
Elas il-Kor,Uncommon,30,False,sprites/enemy/humanoid/kor/kor_blue.atlas,16,16,1.0,16.0,False,on grid,Person,1.0,16.0,humanoid/kor folder,False
Eldraine Faerie,Uncommon,8,False,sprites/enemy/fey/pixie.atlas,16,16,1.0,16.0,False,on grid,Person,1.0,16.0,art 16px vs 16px person (x1.00),True
Eldraine Knight,Uncommon,14,False,sprites/enemy/humanoid/paladin_2.atlas,16,16,1.0,16.0,False,on grid,Person,1.0,16.0,humanoid folder,False
Eldrazi,Uncommon,19,False,sprites/enemy/aberration/eldrazi/eldrazi.atlas,16,16,1.0,16.0,False,on grid,Person,1.0,16.0,art 16px vs 16px person (x1.00),True
Elemental,Rare,15,False,sprites/enemy/elemental/crystalelemental.atlas,16,16,1.0,16.0,False,on grid,Person,1.0,16.0,"art 16px vs 16px person (x1.00), tagged humanoid",True
Elf,Common,13,False,sprites/enemy/humanoid/elf/druid.atlas,16,16,1.0,16.0,False,on grid,Person,1.0,16.0,humanoid/elf folder,False
Elf Renegade,Common,10,False,sprites/enemy/heroes/elf_m.atlas,16,16,1.0,16.0,False,on grid,Person,1.0,16.0,heroes folder,False
Elf Vagabond,Common,13,False,sprites/enemy/humanoid/elf/druid_2.atlas,16,16,1.0,16.0,False,on grid,Person,1.0,16.0,humanoid/elf folder,False
Elf Wanderer,Common,12,False,sprites/enemy/heroes/elf_f.atlas,16,16,1.0,16.0,False,on grid,Person,1.0,16.0,heroes folder,False
Elf warrior,Uncommon,11,False,sprites/enemy/humanoid/elf/hunter.atlas,16,16,1.0,16.0,False,on grid,Person,1.0,16.0,humanoid/elf folder,False
Eloise,Rare,20,False,sprites/enemy/humanoid/elf/druid.atlas,16,16,1.0,16.0,False,on grid,Person,1.0,16.0,humanoid/elf folder,False
Elsha,Rare,20,False,sprites/enemy/elemental/djinn_2.atlas,16,16,1.0,16.0,False,on grid,Person,1.0,16.0,art 16px vs 16px person (x1.00),True
Ember Dwende,Common,12,False,sprites/enemy/basic/spirit/ember_dwende.atlas,10,12,1.0,12.0,False,"critter, deliberate",Person,1.33,16.0,basic/spirit folder,False
Ember Elemental,Common,11,False,sprites/enemy/basic/magical/ember_elemental.atlas,16,16,1.0,16.0,False,on grid,Person,1.0,16.0,basic/magical folder,False
Emmara,Uncommon,20,False,sprites/enemy/humanoid/elf/elf_golgari.atlas,16,16,1.0,16.0,False,on grid,Person,1.0,16.0,humanoid/elf folder,False
Emry,Common,12,False,sprites/enemy/humanoid/merfolk/kiora.atlas,16,16,1.0,16.0,False,on grid,Person,1.0,16.0,humanoid/merfolk folder,False
Endrek,Uncommon,22,False,sprites/enemy/humanoid/human/wizard/black_wizard.atlas,16,16,1.0,16.0,False,on grid,Person,1.0,16.0,humanoid/human/wizard folder,False
Erebos,Rare,29,False,sprites/enemy/undead/doppelganger.atlas,16,16,2.0,32.0,False,on grid,Person,1.0,16.0,"undead folder, moves 50%",True
Eriette,Rare,40,False,sprites/enemy/humanoid/human/warlock/witch.atlas,16,16,1.0,16.0,False,on grid,Person,1.0,16.0,humanoid/human/warlock folder,False
Ertai,Uncommon,30,False,sprites/enemy/aberration/phyrexian/gitaxianscientist.atlas,16,16,1.0,16.0,False,on grid,Person,1.0,16.0,art 16px vs 16px person (x1.00),True
Ertha Jo,Rare,20,False,sprites/enemy/humanoid/kor/mineguard.atlas,16,16,1.0,16.0,False,on grid,Person,1.0,16.0,humanoid/kor folder,False
Escaped Skaab,Common,9,False,sprites/enemy/undead/zombie.atlas,16,16,1.0,16.0,False,on grid,Person,1.0,16.0,undead folder,False
Eshki,Rare,30,False,sprites/enemy/humanoid/elf/hunter.atlas,16,16,1.0,16.0,False,on grid,Person,1.0,16.0,humanoid/elf folder,False
Esika,Rare,30,False,sprites/enemy/humanoid/elf/deftsorceress.atlas,16,16,1.0,16.0,False,on grid,Person,1.0,16.0,humanoid/elf folder,False
Esix,Uncommon,20,False,sprites/enemy/elemental/crystalelemental.atlas,16,16,1.0,16.0,False,on grid,Person,1.0,16.0,art 16px vs 16px person (x1.00),True
Esper Artificer,Rare,25,False,sprites/enemy/humanoid/human/artificer/esper_artificer.atlas,16,16,1.0,16.0,False,on grid,Person,1.0,16.0,humanoid/human/artificer folder,False
Estrid,Rare,40,False,sprites/enemy/humanoid/human/cleric/cleric.atlas,16,16,1.0,16.0,False,on grid,Person,1.0,16.0,humanoid/human/cleric folder,False
Etali,Mythic,50,False,sprites/enemy/beast/dinosaur/dinosaur_stegosaurus.atlas,32,16,1.0,16.0,False,on grid,Person,1.0,16.0,"art 16px vs 16px person (x1.00), life 50",True
Etrata,Rare,20,False,sprites/enemy/undead/doppelganger.atlas,16,16,1.0,16.0,False,on grid,Person,1.0,16.0,undead folder,False
Evelyn,Rare,20,False,sprites/enemy/undead/vampire_2.atlas,16,16,1.0,16.0,False,on grid,Person,1.0,16.0,undead folder,False
Evereth,Uncommon,30,False,sprites/enemy/humanoid/human/knight/death_knight.atlas,16,16,1.0,16.0,False,on grid,Person,1.0,16.0,humanoid/human/knight folder,False
Evil Dwende,Uncommon,20,False,sprites/enemy/basic/spirit/evil_dwende.atlas,10,12,1.0,12.0,False,"critter, deliberate",Person,1.33,16.0,basic/spirit folder,False
Evil Wall,Uncommon,20,False,sprites/enemy/construct/wall.atlas,16,16,1.0,16.0,False,on grid,Person,1.0,16.0,art 16px vs 16px person (x1.00),True
Exava,Uncommon,20,False,sprites/enemy/humanoid/human/shaman/chandra.atlas,16,16,1.0,16.0,False,on grid,Person,1.0,16.0,humanoid/human/shaman folder,False
Expert Druid,Uncommon,18,False,sprites/enemy/basic/magical/expert_druid.atlas,16,16,1.0,16.0,False,on grid,Person,1.0,16.0,basic/magical folder,False
Faerie,Uncommon,8,False,sprites/enemy/fey/pixie_2.atlas,16,16,1.0,16.0,False,on grid,Person,1.0,16.0,art 16px vs 16px person (x1.00),True
Falco Spara,Rare,30,False,sprites/enemy/humanoid/aven/falconheadedaven.atlas,16,16,1.0,16.0,False,on grid,Person,1.0,16.0,humanoid/aven folder,False
Falcon-headed Aven Warrior,Common,16,False,sprites/enemy/humanoid/aven/falconheadedaven.atlas,16,16,1.0,16.0,False,on grid,Person,1.0,16.0,humanoid/aven folder,False
Falkenrath Neonate,Common,10,False,sprites/enemy/undead/vampire_4.atlas,20,22,0.6,13.2,False,"critter, deliberate",Person,0.73,16.1,undead folder,False
Falkenrath Tormentor,Common,17,False,sprites/enemy/undead/vampire_2.atlas,16,16,1.0,16.0,False,on grid,Person,1.0,16.0,undead folder,False
False Knight,Common,13,False,sprites/enemy/humanoid/human/knight/false_knight.atlas,16,16,1.0,16.0,False,on grid,Person,1.0,16.0,humanoid/human/knight folder,False
False Monk,Uncommon,18,False,sprites/enemy/humanoid/human/warlock/false_monk.atlas,16,16,1.0,16.0,False,on grid,Person,1.0,16.0,humanoid/human/warlock folder,False
Farid,Rare,33,False,sprites/enemy/humanoid/human/soldier/hoplite.atlas,16,16,1.0,16.0,False,on grid,Person,1.0,16.0,humanoid/human/soldier folder,False
Farmer,Uncommon,13,False,sprites/enemy/humanoid/human/peasant/farmer.atlas,16,16,1.0,16.0,False,on grid,Person,1.0,16.0,humanoid/human/peasant folder,False
Feather,Uncommon,20,False,sprites/enemy/celestial/angel_1.atlas,16,16,1.0,16.0,False,on grid,Person,1.0,16.0,art 16px vs 16px person (x1.00),True
Felisa,Rare,20,False,sprites/enemy/humanoid/human/warlock/witch.atlas,16,16,1.0,16.0,False,on grid,Person,1.0,16.0,humanoid/human/warlock folder,False
Felothar,Rare,30,False,sprites/enemy/humanoid/human/knight/death_knight_2.atlas,16,16,1.0,16.0,False,on grid,Person,1.0,16.0,humanoid/human/knight folder,False
Feroz,Rare,40,False,sprites/enemy/humanoid/human/wizard/archmage.atlas,32,32,0.5,16.0,False,on grid,Person,0.5,16.0,humanoid/human/wizard folder,False
Fire Elemental,Common,13,False,sprites/enemy/elemental/fireelemental.atlas,16,16,1.0,16.0,False,on grid,Person,1.0,16.0,"art 16px vs 16px person (x1.00), tagged humanoid",True
Flame Elemental,Uncommon,20,False,sprites/enemy/elemental/magmaelemental.atlas,16,16,1.0,16.0,False,on grid,Person,1.0,16.0,"art 16px vs 16px person (x1.00), tagged humanoid",True
Florian,Rare,30,False,sprites/enemy/undead/vampire.atlas,16,16,1.0,16.0,False,on grid,Person,1.0,16.0,undead folder,False
Fluttering Pixie,Common,12,False,sprites/enemy/basic/magical/fluttering_pixie.atlas,16,16,1.0,16.0,False,on grid,Person,1.0,16.0,basic/magical folder,False
Fog Trap,Rare,18,False,sprites/enemy/aberration/mimic.atlas,16,16,1.0,16.0,False,on grid,Person,1.0,16.0,art 16px vs 16px person (x1.00),True
Freyalise,Mythic,75,False,sprites/enemy/humanoid/elf/elf_golgari.atlas,16,16,1.0,16.0,False,on grid,Person,1.0,16.0,"humanoid/elf folder, life 75",True
Frog,Uncommon,15,False,sprites/enemy/beast/amphibian/frog.atlas,20,16,1.0,16.0,False,on grid,Person,1.0,16.0,art 16px vs 16px person (x1.00),True
Furnace Goblin,Uncommon,14,False,sprites/enemy/aberration/phyrexian/furnacegoblin.atlas,16,16,1.0,16.0,False,on grid,Person,1.0,16.0,"art 16px vs 16px person (x1.00), tagged humanoid",True
Furnace Tormentor,Uncommon,19,False,sprites/enemy/aberration/phyrexian/furnacetormentor.atlas,16,16,1.0,16.0,False,on grid,Person,1.0,16.0,"art 16px vs 16px person (x1.00), tagged humanoid",True
Gaddock Teeg,Uncommon,20,False,sprites/enemy/humanoid/halfling/korred.atlas,32,32,1.0,32.0,False,on grid,Person,0.5,16.0,"humanoid/halfling folder, moves 50%",True
Gadwick,Rare,30,False,sprites/enemy/humanoid/human/wizard/blue_wiz2.atlas,16,16,1.0,16.0,False,on grid,Person,1.0,16.0,humanoid/human/wizard folder,False
Gahiji,Rare,40,False,sprites/enemy/beast/dinosaur/ancient_2.atlas,16,16,1.0,16.0,False,on grid,Person,1.0,16.0,art 16px vs 16px person (x1.00),True
Gallia,Uncommon,30,False,sprites/enemy/fey/satyr.atlas,16,16,1.0,16.0,False,on grid,Person,1.0,16.0,art 16px vs 16px person (x1.00),True
Gargoyle,Rare,17,False,sprites/enemy/construct/gargoyle.atlas,16,16,1.0,16.0,False,on grid,Person,1.0,16.0,"art 16px vs 16px person (x1.00), tagged humanoid",True
Gargoyle 2,Common,17,False,sprites/enemy/construct/gargoyle_2.atlas,16,16,1.0,16.0,False,on grid,Person,1.0,16.0,"art 16px vs 16px person (x1.00), tagged humanoid",True
Garth,Rare,50,False,sprites/enemy/humanoid/human/warlock/high_cultist.atlas,16,16,1.0,16.0,False,on grid,Person,1.0,16.0,"humanoid/human/warlock folder, life 50",True
Garza Zol,Uncommon,30,False,sprites/enemy/humanoid/human/warlock/witch.atlas,16,16,1.0,16.0,False,on grid,Person,1.0,16.0,humanoid/human/warlock folder,False
Gavony Farmhand,Common,17,False,sprites/enemy/humanoid/human/peasant/farmer.atlas,16,16,1.0,16.0,False,on grid,Person,1.0,16.0,humanoid/human/peasant folder,False
Geist,Common,16,False,sprites/enemy/undead/ghost.atlas,16,16,1.0,16.0,False,on grid,Person,1.0,16.0,undead folder,False
Geistmage,Common,12,False,sprites/enemy/humanoid/human/wizard/geistmage.atlas,16,16,1.0,16.0,False,on grid,Person,1.0,16.0,humanoid/human/wizard folder,False
General Ferrous,Rare,20,False,sprites/enemy/humanoid/human/soldier/hoplite.atlas,16,16,1.0,16.0,False,on grid,Person,1.0,16.0,humanoid/human/soldier folder,False
General Jarkeld,Mythic,50,False,sprites/enemy/humanoid/human/soldier/pikeman.atlas,16,16,1.0,16.0,False,on grid,Person,1.0,16.0,"humanoid/human/soldier folder, life 50",True
General Kreat,Uncommon,23,False,sprites/enemy/humanoid/goblin/goblin_3.atlas,16,16,1.0,16.0,False,on grid,Person,1.0,16.0,humanoid/goblin folder,False
General Tazri,Rare,40,False,sprites/enemy/humanoid/swordsman_3.atlas,16,16,1.0,16.0,False,on grid,Person,1.0,16.0,humanoid folder,False
Geralf,Common,11,False,sprites/enemy/humanoid/human/wizard/dimir_wiz.atlas,16,16,1.0,16.0,False,on grid,Person,1.0,16.0,humanoid/human/wizard folder,False
Gerrard,Uncommon,20,False,sprites/enemy/humanoid/human/soldier/cathar.atlas,16,16,1.0,16.0,False,on grid,Person,1.0,16.0,humanoid/human/soldier folder,False
Ghastly Eye,Uncommon,20,False,sprites/enemy/basic/undead/ghastly_eye.atlas,16,16,1.0,16.0,False,on grid,Person,1.0,16.0,basic/undead folder,False
Ghave,Uncommon,20,False,sprites/enemy/plant/treant_golgari.atlas,16,16,1.0,16.0,False,on grid,Person,1.0,16.0,art 16px vs 16px person (x1.00),True
Ghen,Uncommon,20,False,sprites/enemy/humanoid/human/wizard/runescribe.atlas,16,16,1.0,16.0,False,on grid,Person,1.0,16.0,humanoid/human/wizard folder,False
Ghost,Mythic,45,False,sprites/enemy/undead/ghost_2.atlas,16,16,1.0,16.0,False,on grid,Person,1.0,16.0,"undead folder, life 45",True
Ghoul,Common,13,False,sprites/enemy/undead/ghoul.atlas,16,16,1.0,16.0,False,on grid,Person,1.0,16.0,undead folder,False
Ghoulcaller Ghoul,Common,11,False,sprites/enemy/undead/zombie.atlas,16,16,1.0,16.0,False,on grid,Person,1.0,16.0,undead folder,False
Giada,Mythic,53,False,sprites/enemy/celestial/angel_2.atlas,16,16,1.0,16.0,False,on grid,Person,1.0,16.0,"art 16px vs 16px person (x1.00), life 53",True
Giant Fly,Rare,28,False,sprites/enemy/beast/insect/giantfly.atlas,23,18,0.5,9.0,False,"critter, deliberate",Person,0.89,16.0,"beast/insect folder, named giant, moves 78%",True
Giant Spider,Common,15,False,sprites/enemy/beast/arachnid/spider_purple.atlas,16,16,1.0,16.0,False,on grid,Person,1.0,16.0,"beast/arachnid folder, named giant",False
Gisa,Uncommon,30,False,sprites/enemy/humanoid/human/wizard/black_wiz3.atlas,16,16,1.0,16.0,False,on grid,Person,1.0,16.0,humanoid/human/wizard folder,False
Gitaxian Scientist,Uncommon,19,False,sprites/enemy/aberration/phyrexian/gitaxianscientist.atlas,16,16,1.0,16.0,False,on grid,Person,1.0,16.0,"art 16px vs 16px person (x1.00), tagged humanoid",True
Gitaxian Underling,Common,12,False,sprites/enemy/aberration/phyrexian/gitaxianunderling.atlas,16,16,1.0,16.0,False,on grid,Person,1.0,16.0,"art 16px vs 16px person (x1.00), tagged humanoid",True
Gix,Rare,31,False,sprites/enemy/aberration/phyrexian/drossgladiator.atlas,16,16,1.0,16.0,False,on grid,Person,1.0,16.0,art 16px vs 16px person (x1.00),True
Glarb,Rare,30,False,sprites/enemy/humanoid/viashino/battler_2.atlas,16,16,1.0,16.0,False,on grid,Person,1.0,16.0,humanoid/viashino folder,False
Glissa,Uncommon,30,False,sprites/enemy/aberration/phyrexian/copperhostinfector.atlas,16,16,1.0,16.0,False,on grid,Person,1.0,16.0,art 16px vs 16px person (x1.00),True
Glowing Wisp,Common,12,False,sprites/enemy/basic/magical/glowing_wisp.atlas,16,16,1.0,16.0,False,on grid,Person,1.0,16.0,basic/magical folder,False
Goblin,Common,12,False,sprites/enemy/humanoid/goblin/goblin.atlas,16,16,1.0,16.0,False,on grid,Person,1.0,16.0,humanoid/goblin folder,False
Goblin Archer,Common,13,False,sprites/enemy/basic/humanoid/goblin_archer.atlas,16,16,1.0,16.0,False,on grid,Person,1.0,16.0,basic/humanoid folder,False
Goblin Fanatic,Uncommon,15,False,sprites/enemy/humanoid/goblin/goblin_3.atlas,16,16,1.0,16.0,False,on grid,Person,1.0,16.0,humanoid/goblin folder,False
Goblin Fighter,Common,12,False,sprites/enemy/basic/humanoid/goblin_fighter.atlas,16,16,1.0,16.0,False,on grid,Person,1.0,16.0,basic/humanoid folder,False
Goblin Occultist,Uncommon,20,False,sprites/enemy/basic/humanoid/goblin_occultist.atlas,16,16,1.0,16.0,False,on grid,Person,1.0,16.0,basic/humanoid folder,False
Goblin Pack,Common,20,False,sprites/enemy/humanoid/goblin/goblin_group.atlas,32,16,1.0,16.0,False,on grid,Person,1.0,16.0,humanoid/goblin folder,False
Goblin Rager,Common,13,False,sprites/enemy/humanoid/goblin/goblin_2.atlas,16,16,1.0,16.0,False,on grid,Person,1.0,16.0,humanoid/goblin folder,False
Goblin Stalker,Uncommon,15,False,sprites/enemy/humanoid/goblin/goblin_4.atlas,16,16,1.0,16.0,False,on grid,Person,1.0,16.0,humanoid/goblin folder,False
Goblin Warrior,Uncommon,12,False,sprites/enemy/humanoid/goblin/wolf_rider.atlas,16,16,1.0,16.0,False,on grid,Person,1.0,16.0,humanoid/goblin folder,False
Goblin Wolf Rider,Uncommon,20,False,sprites/enemy/basic/humanoid/goblin_wolf_rider.atlas,16,16,1.0,16.0,False,on grid,Person,1.0,16.0,basic/humanoid folder,False
Goblin Zealot,Common,13,False,sprites/enemy/basic/humanoid/goblin_zealot.atlas,16,16,1.0,16.0,False,on grid,Person,1.0,16.0,basic/humanoid folder,False
Golden Dwende,Common,12,False,sprites/enemy/basic/spirit/golden_dwende.atlas,10,12,1.0,12.0,False,"critter, deliberate",Person,1.33,16.0,basic/spirit folder,False
Golem,Common,13,False,sprites/enemy/construct/golem.atlas,16,16,1.0,16.0,False,on grid,Person,1.0,16.0,art 16px vs 16px person (x1.00),True
Golem Sentinel,Uncommon,20,False,sprites/enemy/construct/golem_4.atlas,16,16,1.0,16.0,False,on grid,Person,1.0,16.0,art 16px vs 16px person (x1.00),True
Golgari Elf,Uncommon,20,False,sprites/enemy/humanoid/elf/elf_golgari.atlas,16,16,1.0,16.0,False,on grid,Person,1.0,16.0,humanoid/elf folder,False
Golgari Treefolk,Rare,25,False,sprites/enemy/plant/treant_golgari.atlas,16,16,1.0,16.0,False,on grid,Person,1.0,16.0,"art 16px vs 16px person (x1.00), tagged humanoid",True
Gonti,Rare,32,False,sprites/enemy/undead/doppelganger.atlas,16,16,1.0,16.0,False,on grid,Person,1.0,16.0,undead folder,False
Gorgon,Uncommon,14,False,sprites/enemy/monstrosity/gorgone.atlas,16,16,1.0,16.0,False,on grid,Person,1.0,16.0,"art 16px vs 16px person (x1.00), tagged humanoid",True
Gorgon 2,Common,14,False,sprites/enemy/monstrosity/gorgonen.atlas,16,16,1.0,16.0,False,on grid,Person,1.0,16.0,"art 16px vs 16px person (x1.00), tagged humanoid",True
Goro-Goro and Satoru,Uncommon,20,False,sprites/enemy/humanoid/goblin/goblin_3.atlas,16,16,1.0,16.0,False,on grid,Person,1.0,16.0,humanoid/goblin folder,False
Grakmaw,Rare,30,False,sprites/enemy/monstrosity/hydra.atlas,16,16,1.0,16.0,False,on grid,Person,1.0,16.0,art 16px vs 16px person (x1.00),True
Grandmother Goby,Rare,27,False,sprites/enemy/humanoid/merfolk/mermaid.atlas,16,16,1.0,16.0,False,on grid,Person,1.0,16.0,humanoid/merfolk folder,False
Grave Revenant,Rare,30,False,sprites/enemy/basic/undead/grave_revenant.atlas,16,16,1.0,16.0,False,on grid,Person,1.0,16.0,basic/undead folder,False
Graven Revenant,Rare,20,False,sprites/enemy/undead/graverevenant.atlas,16,16,1.0,16.0,False,on grid,Person,1.0,16.0,undead folder,False
Green Beast,Mythic,47,False,sprites/enemy/monstrosity/basilisk.atlas,16,16,1.0,16.0,False,on grid,Person,1.0,16.0,"art 16px vs 16px person (x1.00), life 47",True
Green Dragonkin Renegade,Rare,32,False,sprites/enemy/heroes/dragonkin_g.atlas,16,16,1.0,16.0,False,on grid,Person,1.0,16.0,heroes folder,False
Green Golem,Mythic,46,False,sprites/enemy/construct/golem_green.atlas,16,16,1.0,16.0,False,on grid,Person,1.0,16.0,"art 16px vs 16px person (x1.00), life 46",True
Green Prototype,Uncommon,20,False,sprites/enemy/construct/prototype_green.atlas,16,16,1.0,16.0,False,on grid,Person,1.0,16.0,art 16px vs 16px person (x1.00),True
Greensleeves,Uncommon,18,False,sprites/enemy/humanoid/elf/elf_golgari.atlas,16,16,1.0,16.0,False,on grid,Person,1.0,16.0,humanoid/elf folder,False
Greven,Rare,30,False,sprites/enemy/aberration/phyrexian/furnacetormentor.atlas,16,16,1.0,16.0,False,on grid,Person,1.0,16.0,art 16px vs 16px person (x1.00),True
Grey Pilgrim,Uncommon,18,False,sprites/enemy/basic/humanoid/grey_pilgrim.atlas,12,13,1.0,13.0,False,"critter, deliberate",Person,1.23,16.0,basic/humanoid folder,False
Griffin,Uncommon,14,False,sprites/enemy/monstrosity/griffin.atlas,16,16,1.0,16.0,False,on grid,Person,1.0,16.0,art 16px vs 16px person (x1.00),True
Grist,Uncommon,20,False,sprites/enemy/aberration/leech.atlas,16,16,1.0,16.0,False,on grid,Person,1.0,16.0,art 16px vs 16px person (x1.00),True
Grizzled Treant,Uncommon,21,False,sprites/enemy/basic/magical/grizzled_treant.atlas,16,16,1.0,16.0,False,on grid,Person,1.0,16.0,basic/magical folder,False
Grub,Rare,80,False,sprites/enemy/humanoid/goblin/goblin_3.atlas,16,16,1.0,16.0,False,on grid,Person,1.0,16.0,"humanoid/goblin folder, life 80",True
Gwafa Hazid,Common,1,False,sprites/enemy/humanoid/human/wizard/archivist.atlas,16,16,1.0,16.0,False,on grid,Person,1.0,16.0,humanoid/human/wizard folder,False
Hajar,Rare,30,False,sprites/enemy/humanoid/human/soldier/legionite.atlas,16,16,1.0,16.0,False,on grid,Person,1.0,16.0,humanoid/human/soldier folder,False
Hakim,Mythic,53,False,sprites/enemy/humanoid/human/wizard/mage_2.atlas,16,16,1.0,16.0,False,on grid,Person,1.0,16.0,"humanoid/human/wizard folder, life 53",True
Halana and Alena,Rare,20,False,sprites/enemy/humanoid/elf/hunter_2.atlas,16,16,1.0,16.0,False,on grid,Person,1.0,16.0,humanoid/elf folder,False
Haldan and Pako,Uncommon,30,False,sprites/enemy/humanoid/human/wizard/green_wiz1.atlas,16,16,1.0,16.0,False,on grid,Person,1.0,16.0,humanoid/human/wizard folder,False
Halfdane,Rare,30,False,sprites/enemy/humanoid/human/warrior/caribou_elite.atlas,16,16,1.0,16.0,False,on grid,Person,1.0,16.0,humanoid/human/warrior folder,False
Halfling Assassin,Uncommon,20,False,sprites/enemy/basic/humanoid/halfling_assassin.atlas,16,16,1.0,16.0,False,on grid,Person,1.0,16.0,basic/humanoid folder,False
Halfling Bard,Common,13,False,sprites/enemy/basic/humanoid/halfling_bard.atlas,16,16,1.0,16.0,False,on grid,Person,1.0,16.0,basic/humanoid folder,False
Halfling Ranger,Common,14,False,sprites/enemy/basic/humanoid/halfling_ranger.atlas,16,16,1.0,16.0,False,on grid,Person,1.0,16.0,basic/humanoid folder,False
Halfling Rogue,Common,10,False,sprites/enemy/basic/humanoid/halfling_rogue.atlas,16,16,1.0,16.0,False,on grid,Person,1.0,16.0,basic/humanoid folder,False
Halfling Slinger,Common,13,False,sprites/enemy/basic/humanoid/halfling_slinger.atlas,16,16,1.0,16.0,False,on grid,Person,1.0,16.0,basic/humanoid folder,False
Haliya,Uncommon,23,False,sprites/enemy/humanoid/human/warlock/dawnhart_witch.atlas,16,16,1.0,16.0,False,on grid,Person,1.0,16.0,humanoid/human/warlock folder,False
Halvar,Rare,30,False,sprites/enemy/humanoid/human/knight/paladin.atlas,16,16,1.0,16.0,False,on grid,Person,1.0,16.0,humanoid/human/knight folder,False
Hanna,Uncommon,20,False,sprites/enemy/humanoid/elf/deftsorceress.atlas,16,16,1.0,16.0,False,on grid,Person,1.0,16.0,humanoid/elf folder,False
Hapatra,Uncommon,20,False,sprites/enemy/humanoid/human/cleric/cleric_orzhov.atlas,16,16,1.0,16.0,False,on grid,Person,1.0,16.0,humanoid/human/cleric folder,False
Harbin,Rare,30,False,sprites/enemy/humanoid/knight.atlas,16,16,1.0,16.0,False,on grid,Person,1.0,16.0,humanoid folder,False
Harpy,Common,14,False,sprites/enemy/monstrosity/harpy.atlas,16,16,1.0,16.0,False,on grid,Person,1.0,16.0,"art 16px vs 16px person (x1.00), tagged humanoid",True
Harpy 2,Common,13,False,sprites/enemy/monstrosity/harpy_2.atlas,16,16,1.0,16.0,False,on grid,Person,1.0,16.0,"art 16px vs 16px person (x1.00), tagged humanoid",True
Hazezon,Rare,30,False,sprites/enemy/humanoid/human/wizard/red_wiz2.atlas,16,16,1.0,16.0,False,on grid,Person,1.0,16.0,humanoid/human/wizard folder,False
Hazoret,Rare,33,False,sprites/enemy/humanoid/khenra/jackalwarrior.atlas,32,32,1.5,48.0,False,on grid,Person,0.5,16.0,"humanoid/khenra folder, moves 67%",True
Heart-Piercer Manticore,Common,11,False,sprites/enemy/monstrosity/heartpiercer_manticore.atlas,26,16,1.0,16.0,False,on grid,Person,1.0,16.0,art 16px vs 16px person (x1.00),True
Heidar,Uncommon,28,False,sprites/enemy/humanoid/human/wizard/blue_wiz2.atlas,16,16,1.0,16.0,False,on grid,Person,1.0,16.0,humanoid/human/wizard folder,False
Helga,Rare,30,False,sprites/enemy/beast/amphibian/frog.atlas,20,16,1.0,16.0,False,on grid,Person,1.0,16.0,art 16px vs 16px person (x1.00),True
Heliod,Rare,32,False,sprites/enemy/humanoid/human/soldier/hoplite.atlas,16,16,2.0,32.0,False,on grid,Person,1.0,16.0,"humanoid/human/soldier folder, moves 50%",True
Hellhound,Common,17,False,sprites/enemy/fiend/hellhound_2.atlas,16,16,1.0,16.0,False,on grid,Person,1.0,16.0,art 16px vs 16px person (x1.00),True
Henrika,Mythic,52,False,sprites/enemy/humanoid/human/warlock/witch.atlas,16,16,1.0,16.0,False,on grid,Person,1.0,16.0,"humanoid/human/warlock folder, life 52",True
Henry Stern '95,Uncommon,25,False,sprites/enemy/humanoid/human/wizard/red_wiz2.atlas,16,16,1.0,16.0,False,on grid,Person,1.0,16.0,humanoid/human/wizard folder,False
Henry Stern '96,Uncommon,25,False,sprites/enemy/humanoid/human/wizard/black_wizard.atlas,16,16,1.0,16.0,False,on grid,Person,1.0,16.0,humanoid/human/wizard folder,False
Henzie,Rare,20,False,sprites/enemy/fiend/tibalt.atlas,16,16,1.0,16.0,False,on grid,Person,1.0,16.0,art 16px vs 16px person (x1.00),True
High Cultist,Uncommon,21,False,sprites/enemy/humanoid/human/warlock/high_cultist.atlas,16,16,1.0,16.0,False,on grid,Person,1.0,16.0,humanoid/human/warlock folder,False
High Elf,Rare,12,False,sprites/enemy/humanoid/elf/druid_2.atlas,16,16,1.0,16.0,False,on grid,Person,1.0,16.0,humanoid/elf folder,False
High Priest of Shandalar,Uncommon,27,False,sprites/enemy/humanoid/human/cleric/priest.atlas,16,16,1.0,16.0,False,on grid,Person,1.0,16.0,humanoid/human/cleric folder,False
High Vampire,Mythic,53,False,sprites/enemy/undead/vampire_2.atlas,16,16,1.0,16.0,False,on grid,Person,1.0,16.0,"undead folder, life 53",True
Hobbling Zombie,Common,11,False,sprites/enemy/undead/zombie_2.atlas,16,16,1.0,16.0,False,on grid,Person,1.0,16.0,undead folder,False
Hofri,Uncommon,20,False,sprites/enemy/humanoid/dwarf/carver.atlas,16,16,1.0,16.0,False,on grid,Person,1.0,16.0,humanoid/dwarf folder,False
Horror,Uncommon,17,False,sprites/enemy/aberration/leech_2.atlas,16,16,1.0,16.0,False,on grid,Person,1.0,16.0,art 16px vs 16px person (x1.00),True
Horror of Tibalt,Rare,17,False,sprites/enemy/fiend/akaname.atlas,24,16,1.0,16.0,False,on grid,Person,1.0,16.0,art 16px vs 16px person (x1.00),True
Horseman,Common,14,False,sprites/enemy/humanoid/human/knight/cavalier_2.atlas,16,16,1.0,16.0,False,on grid,Person,1.0,16.0,humanoid/human/knight folder,False
Howlpack Exile,Common,15,False,sprites/enemy/humanoid/werewolf/werewolf.atlas,16,16,1.0,16.0,False,on grid,Person,1.0,16.0,humanoid/werewolf folder,False
Huatli,Rare,30,False,sprites/enemy/humanoid/elf/green_wiz3.atlas,16,16,1.0,16.0,False,on grid,Person,1.0,16.0,humanoid/elf folder,False
Human,Common,11,False,sprites/enemy/humanoid/human/soldier/pikeman.atlas,16,16,1.0,16.0,False,on grid,Person,1.0,16.0,humanoid/human/soldier folder,False
Human Bard,Rare,25,False,sprites/enemy/humanoid/human/bard/humanbard.atlas,16,16,1.0,16.0,False,on grid,Person,1.0,16.0,humanoid/human/bard folder,False
Human Looter,Rare,15,False,sprites/enemy/humanoid/human/peasant/peasant2.atlas,16,16,1.0,16.0,False,on grid,Person,1.0,16.0,humanoid/human/peasant folder,False
Human Mercenary,Common,13,False,sprites/enemy/humanoid/swordsman_3.atlas,16,16,1.0,16.0,False,on grid,Person,1.0,16.0,humanoid folder,False
Human Renegade,Mythic,44,False,sprites/enemy/heroes/human_m.atlas,16,16,1.0,16.0,False,on grid,Person,1.0,16.0,heroes folder,False
Human Wanderer,Common,13,False,sprites/enemy/heroes/human_f.atlas,16,16,1.0,16.0,False,on grid,Person,1.0,16.0,heroes folder,False
Human elite,Mythic,41,False,sprites/enemy/humanoid/human/soldier/legionite.atlas,16,16,1.0,16.0,False,on grid,Person,1.0,16.0,humanoid/human/soldier folder,False
Human guard,Uncommon,12,False,sprites/enemy/humanoid/human/soldier/swordsman.atlas,16,16,1.0,16.0,False,on grid,Person,1.0,16.0,humanoid/human/soldier folder,False
Hylda,Uncommon,40,False,sprites/enemy/humanoid/human/cleric/cleric.atlas,16,16,1.0,16.0,False,on grid,Person,1.0,16.0,humanoid/human/cleric folder,False
Hythonia,Uncommon,19,False,sprites/enemy/monstrosity/gorgonen.atlas,16,16,1.0,16.0,False,on grid,Person,1.0,16.0,art 16px vs 16px person (x1.00),True
Ibis-headed Aven Warrior,Common,18,False,sprites/enemy/humanoid/aven/ibisheadedaven.atlas,16,16,1.0,16.0,False,on grid,Person,1.0,16.0,humanoid/aven folder,False
Ice Elemental,Common,17,False,sprites/enemy/elemental/iceelemental2.atlas,16,16,1.0,16.0,False,on grid,Person,1.0,16.0,art 16px vs 16px person (x1.00),True
Ice Golem,Common,12,False,sprites/enemy/basic/magical/ice_golem.atlas,16,16,1.0,16.0,False,on grid,Person,1.0,16.0,basic/magical folder,False
Ihsan's Shade,Rare,26,False,sprites/enemy/undead/deathknightidle.atlas,16,16,1.0,16.0,False,on grid,Person,1.0,16.0,undead folder,False
Illusionist,Uncommon,18,False,sprites/enemy/humanoid/human/wizard/blue_wiz2.atlas,16,16,1.0,16.0,False,on grid,Person,1.0,16.0,humanoid/human/wizard folder,False
Immersturm Demon,Common,17,False,sprites/enemy/fiend/devil_2.atlas,16,16,1.0,16.0,False,on grid,Person,1.0,16.0,"art 16px vs 16px person (x1.00), tagged humanoid",True
Inalla,Rare,40,False,sprites/enemy/humanoid/elf/druid.atlas,16,16,1.0,16.0,False,on grid,Person,1.0,16.0,humanoid/elf folder,False
Inniaz,Rare,30,False,sprites/enemy/elemental/airelemental.atlas,16,16,1.0,16.0,False,on grid,Person,1.0,16.0,art 16px vs 16px person (x1.00),True
Irini,Uncommon,23,False,sprites/enemy/humanoid/human/wizard/black_wiz3.atlas,16,16,1.0,16.0,False,on grid,Person,1.0,16.0,humanoid/human/wizard folder,False
Iron Golem,Rare,30,False,sprites/enemy/basic/magical/iron_golem.atlas,16,16,1.0,16.0,False,on grid,Person,1.0,16.0,basic/magical folder,False
Isshin,Rare,40,False,sprites/enemy/humanoid/human/knight/false_knight.atlas,16,16,1.0,16.0,False,on grid,Person,1.0,16.0,humanoid/human/knight folder,False
Istvan,Uncommon,60,False,sprites/enemy/humanoid/human/warrior/caribou_elite.atlas,16,16,1.0,16.0,False,on grid,Person,1.0,16.0,"humanoid/human/warrior folder, life 60",True
Isu,Uncommon,20,False,sprites/enemy/monstrosity/yeti_2.atlas,16,16,1.0,16.0,False,on grid,Person,1.0,16.0,art 16px vs 16px person (x1.00),True
Ixhel,Rare,40,False,sprites/enemy/aberration/phyrexian/phyrexianangel.atlas,16,16,1.0,16.0,False,on grid,Person,1.0,16.0,art 16px vs 16px person (x1.00),True
Izoni,Rare,20,False,sprites/enemy/humanoid/elf/shaman_2.atlas,16,16,1.0,16.0,False,on grid,Person,1.0,16.0,humanoid/elf folder,False
Jadar,Rare,29,False,sprites/enemy/undead/lich_2.atlas,16,16,1.0,16.0,False,on grid,Person,1.0,16.0,undead folder,False
Jakub Slemr '97,Uncommon,25,False,sprites/enemy/humanoid/human/knight/death_knight.atlas,16,16,1.0,16.0,False,on grid,Person,1.0,16.0,humanoid/human/knight folder,False
Jakub Šlemr '99,Uncommon,19,False,sprites/enemy/humanoid/human/warlock/witch.atlas,16,16,1.0,16.0,False,on grid,Person,1.0,16.0,humanoid/human/warlock folder,False
Jalira,Rare,34,False,sprites/enemy/humanoid/elf/deftsorceress.atlas,16,16,1.0,16.0,False,on grid,Person,1.0,16.0,humanoid/elf folder,False
Jan Tomcani '01,Uncommon,25,False,sprites/enemy/humanoid/elf/shaman.atlas,16,16,1.0,16.0,False,on grid,Person,1.0,16.0,humanoid/elf folder,False
Janosch Kuhn '97,Uncommon,25,False,sprites/enemy/humanoid/human/wizard/blue_wiz2.atlas,16,16,1.0,16.0,False,on grid,Person,1.0,16.0,humanoid/human/wizard folder,False
Janosch Kühn '00,Uncommon,25,False,sprites/enemy/humanoid/elf/shaman.atlas,16,16,1.0,16.0,False,on grid,Person,1.0,16.0,humanoid/elf folder,False
Jarad,Uncommon,30,False,sprites/enemy/undead/lich.atlas,16,16,1.0,16.0,False,on grid,Person,1.0,16.0,undead folder,False
Jareth,Rare,40,False,sprites/enemy/humanoid/leonin/lion_2.atlas,16,16,3.0,48.0,False,on grid,Person,1.0,16.0,"humanoid/leonin folder, moves 67%",True
Jeleva,Rare,40,False,sprites/enemy/undead/wraith.atlas,16,16,1.0,16.0,False,on grid,Person,1.0,16.0,undead folder,False
Jenson,Rare,30,False,sprites/enemy/humanoid/elf/green_wiz3.atlas,16,16,1.0,16.0,False,on grid,Person,1.0,16.0,humanoid/elf folder,False
Jeska,Uncommon,21,False,sprites/enemy/humanoid/human/shaman/chandra.atlas,16,16,1.0,16.0,False,on grid,Person,1.0,16.0,humanoid/human/shaman folder,False
Jetmir,Rare,30,False,sprites/enemy/fiend/spikedravager.atlas,16,16,1.0,16.0,False,on grid,Person,1.0,16.0,art 16px vs 16px person (x1.00),True
Jhoira,Rare,30,False,sprites/enemy/humanoid/human/shaman/chandra.atlas,16,16,1.0,16.0,False,on grid,Person,1.0,16.0,humanoid/human/shaman folder,False
Jinnie Fay,Uncommon,20,False,sprites/enemy/humanoid/human/wizard/green_wiz2.atlas,16,16,1.0,16.0,False,on grid,Person,1.0,16.0,humanoid/human/wizard folder,False
Jolene,Rare,30,False,sprites/enemy/humanoid/elf/hunter_2.atlas,16,16,1.0,16.0,False,on grid,Person,1.0,16.0,humanoid/elf folder,False
Jolrael,Uncommon,30,False,sprites/enemy/humanoid/elf/green_wiz3.atlas,16,16,1.0,16.0,False,on grid,Person,1.0,16.0,humanoid/elf folder,False
Jon Finkel '00,Rare,26,False,sprites/enemy/humanoid/human/artificer/esper_artificer.atlas,16,16,1.0,16.0,False,on grid,Person,1.0,16.0,humanoid/human/artificer folder,False
Jori En,Uncommon,30,False,sprites/enemy/humanoid/merfolk/merfolk.atlas,16,16,1.0,16.0,False,on grid,Person,1.0,16.0,humanoid/merfolk folder,False
Jorn,Uncommon,30,False,sprites/enemy/humanoid/human/wizard/blue_wiz2.atlas,16,16,1.0,16.0,False,on grid,Person,1.0,16.0,humanoid/human/wizard folder,False
Judith,Uncommon,20,False,sprites/enemy/humanoid/human/shaman/chandra.atlas,16,16,1.0,16.0,False,on grid,Person,1.0,16.0,humanoid/human/shaman folder,False
Juri,Uncommon,20,False,sprites/enemy/humanoid/human/wizard/rakdos_wiz.atlas,16,16,1.0,16.0,False,on grid,Person,1.0,16.0,humanoid/human/wizard folder,False
Kadena,Rare,20,False,sprites/enemy/humanoid/naga/nagawarrior.atlas,16,16,1.0,16.0,False,on grid,Person,1.0,16.0,humanoid/naga folder,False
Kaervek,Uncommon,24,False,sprites/enemy/humanoid/human/wizard/corrupted_redwiz.atlas,16,16,1.0,16.0,False,on grid,Person,1.0,16.0,humanoid/human/wizard folder,False
Kai Budde '99,Rare,31,False,sprites/enemy/humanoid/human/artificer/esper_artificer.atlas,16,16,1.0,16.0,False,on grid,Person,1.0,16.0,humanoid/human/artificer folder,False
Kambal,Uncommon,20,False,sprites/enemy/humanoid/human/wizard/teferi.atlas,16,16,1.0,16.0,False,on grid,Person,1.0,16.0,humanoid/human/wizard folder,False
Kangee,Uncommon,30,False,sprites/enemy/humanoid/aven/ibisheadedaven.atlas,16,16,1.0,16.0,False,on grid,Person,1.0,16.0,humanoid/aven folder,False
Karador,Rare,40,False,sprites/enemy/fey/centaur_2.atlas,16,16,1.0,16.0,False,on grid,Person,1.0,16.0,art 16px vs 16px person (x1.00),True
Karametra,Rare,40,False,sprites/enemy/humanoid/human/wizard/green_wiz2.atlas,16,16,3.0,48.0,False,on grid,Person,1.0,16.0,"humanoid/human/wizard folder, moves 67%",True
Kasla,Uncommon,20,False,sprites/enemy/celestial/angel_2.atlas,16,16,1.0,16.0,False,on grid,Person,1.0,16.0,art 16px vs 16px person (x1.00),True
Kavu,Uncommon,20,False,sprites/enemy/monstrosity/kavu.atlas,16,16,1.0,16.0,False,on grid,Person,1.0,16.0,art 16px vs 16px person (x1.00),True
Kaza,Rare,30,False,sprites/enemy/humanoid/elf/deftsorceress.atlas,16,16,1.0,16.0,False,on grid,Person,1.0,16.0,humanoid/elf folder,False
Kefnet,Rare,27,False,sprites/enemy/humanoid/aven/ibisheadedaven.atlas,16,16,2.0,32.0,False,on grid,Person,1.0,16.0,"humanoid/aven folder, moves 50%",True
Kemba,Uncommon,17,False,sprites/enemy/humanoid/leonin/lion.atlas,16,16,1.0,16.0,False,on grid,Person,1.0,16.0,humanoid/leonin folder,False
Kenessos,Uncommon,30,False,sprites/enemy/humanoid/merfolk/merfolk.atlas,16,16,1.0,16.0,False,on grid,Person,1.0,16.0,humanoid/merfolk folder,False
Kess,Rare,30,False,sprites/enemy/humanoid/human/cleric/cleric_orzhov.atlas,16,16,1.0,16.0,False,on grid,Person,1.0,16.0,humanoid/human/cleric folder,False
Kestia,Uncommon,20,False,sprites/enemy/humanoid/elf/deftsorceress.atlas,16,16,1.0,16.0,False,on grid,Person,1.0,16.0,humanoid/elf folder,False
Khan,Uncommon,14,False,sprites/enemy/humanoid/human/knight/cavalier.atlas,16,16,1.0,16.0,False,on grid,Person,1.0,16.0,humanoid/human/knight folder,False
Khenra Warrior,Common,11,False,sprites/enemy/humanoid/khenra/jackalwarrior.atlas,32,32,0.5,16.0,False,on grid,Person,0.5,16.0,humanoid/khenra folder,False
Kianne,Uncommon,20,False,sprites/enemy/humanoid/aven/falconheadedaven.atlas,16,16,1.0,16.0,False,on grid,Person,1.0,16.0,humanoid/aven folder,False
Kiki-Jiki,Rare,32,False,sprites/enemy/humanoid/goblin/goblin_2.atlas,16,16,1.0,16.0,False,on grid,Person,1.0,16.0,humanoid/goblin folder,False
Killian,Uncommon,20,False,sprites/enemy/humanoid/human/cleric/monk_2.atlas,16,16,1.0,16.0,False,on grid,Person,1.0,16.0,humanoid/human/cleric folder,False
Kilo,Rare,20,False,sprites/enemy/construct/golem_4.atlas,16,16,1.0,16.0,False,on grid,Person,1.0,16.0,art 16px vs 16px person (x1.00),True
Kinnan,Rare,40,False,sprites/enemy/humanoid/human/wizard/mage_2.atlas,16,16,1.0,16.0,False,on grid,Person,1.0,16.0,humanoid/human/wizard folder,False
Kinzu,Common,12,False,sprites/enemy/humanoid/human/warlock/witch.atlas,16,16,1.0,16.0,False,on grid,Person,1.0,16.0,humanoid/human/warlock folder,False
Kirri,Rare,20,False,sprites/enemy/elemental/walkingleef.atlas,16,16,1.0,16.0,False,on grid,Person,1.0,16.0,art 16px vs 16px person (x1.00),True
Kitt Kanto,Rare,20,False,sprites/enemy/humanoid/leonin/lion.atlas,16,16,1.0,16.0,False,on grid,Person,1.0,16.0,humanoid/leonin folder,False
Knight,Mythic,42,False,sprites/enemy/humanoid/human/knight/paladin.atlas,16,16,1.0,16.0,False,on grid,Person,1.0,16.0,humanoid/human/knight folder,False
Knight Mercenary,Rare,13,False,sprites/enemy/humanoid/human/knight/cavalier_2.atlas,16,16,1.0,16.0,False,on grid,Person,1.0,16.0,humanoid/human/knight folder,False
Koll,Uncommon,20,False,sprites/enemy/humanoid/dwarf/dwarf_7.atlas,16,16,1.0,16.0,False,on grid,Person,1.0,16.0,humanoid/dwarf folder,False
Kolvori,Mythic,45,False,sprites/enemy/humanoid/elf/druid.atlas,16,16,1.0,16.0,False,on grid,Person,1.0,16.0,"humanoid/elf folder, life 45",True
Kor Aeronaut,Common,13,False,sprites/enemy/heroes/old_kor_04.atlas,16,16,1.0,16.0,False,on grid,Person,1.0,16.0,heroes folder,False
Kor Blademaster,Common,12,False,sprites/enemy/heroes/old_kor_18.atlas,16,16,1.0,16.0,False,on grid,Person,1.0,16.0,heroes folder,False
Kor Bladewhirl,Common,12,False,sprites/enemy/heroes/old_kor_08.atlas,16,16,1.0,16.0,False,on grid,Person,1.0,16.0,heroes folder,False
Kor Cartographer,Rare,29,False,sprites/enemy/heroes/old_kor_05.atlas,16,16,1.0,16.0,False,on grid,Person,1.0,16.0,heroes folder,False
Kor Castigator,Common,12,False,sprites/enemy/heroes/old_kor_10.atlas,16,16,1.0,16.0,False,on grid,Person,1.0,16.0,heroes folder,False
Kor Celebrant,Uncommon,20,False,sprites/enemy/heroes/old_kor_17.atlas,16,16,1.0,16.0,False,on grid,Person,1.0,16.0,heroes folder,False
Kor Chant-Leader,Uncommon,20,False,sprites/enemy/heroes/old_kor_13.atlas,16,16,1.0,16.0,False,on grid,Person,1.0,16.0,heroes folder,False
Kor Dirgewarden,Rare,30,False,sprites/enemy/heroes/old_kor_20.atlas,16,16,1.0,16.0,False,on grid,Person,1.0,16.0,heroes folder,False
Kor Duelist,Common,13,False,sprites/enemy/heroes/old_kor_06.atlas,16,16,1.0,16.0,False,on grid,Person,1.0,16.0,heroes folder,False
Kor Entangler,Common,11,False,sprites/enemy/heroes/old_kor_16.atlas,16,16,1.0,16.0,False,on grid,Person,1.0,16.0,heroes folder,False
Kor Firewalker,Common,11,False,sprites/enemy/heroes/old_kor_09.atlas,16,16,1.0,16.0,False,on grid,Person,1.0,16.0,heroes folder,False
Kor Hookmaster,Common,12,False,sprites/enemy/heroes/old_kor_01.atlas,16,16,1.0,16.0,False,on grid,Person,1.0,16.0,heroes folder,False
Kor Line-Slinger,Common,13,False,sprites/enemy/heroes/old_kor_12.atlas,16,16,1.0,16.0,False,on grid,Person,1.0,16.0,heroes folder,False
Kor Outfitter,Common,12,False,sprites/enemy/heroes/old_kor_07.atlas,16,16,1.0,16.0,False,on grid,Person,1.0,16.0,heroes folder,False
Kor Renegade,Rare,34,False,sprites/enemy/heroes/kor_m.atlas,16,16,1.0,16.0,False,on grid,Person,1.0,16.0,heroes folder,False
Kor Sanctifier,Common,12,False,sprites/enemy/heroes/old_kor_03.atlas,16,16,1.0,16.0,False,on grid,Person,1.0,16.0,heroes folder,False
Kor Scout,Common,12,False,sprites/enemy/heroes/old_kor_11.atlas,16,16,1.0,16.0,False,on grid,Person,1.0,16.0,heroes folder,False
Kor Sky Climber,Common,13,False,sprites/enemy/heroes/old_kor_19.atlas,16,16,1.0,16.0,False,on grid,Person,1.0,16.0,heroes folder,False
Kor Skyfisher,Rare,29,False,sprites/enemy/heroes/old_kor_02.atlas,16,16,1.0,16.0,False,on grid,Person,1.0,16.0,heroes folder,False
Kor Skyknight,Common,12,False,sprites/enemy/heroes/old_kor_15.atlas,16,16,1.0,16.0,False,on grid,Person,1.0,16.0,heroes folder,False
Kor Spiritdancer,Common,11,False,sprites/enemy/heroes/old_kor_14.atlas,16,16,1.0,16.0,False,on grid,Person,1.0,16.0,heroes folder,False
Kor Wanderer,Common,11,False,sprites/enemy/heroes/kor_f.atlas,16,16,1.0,16.0,False,on grid,Person,1.0,16.0,heroes folder,False
Kor Warrior,Rare,15,False,sprites/enemy/humanoid/kor/mineguard.atlas,16,16,1.0,16.0,False,on grid,Person,1.0,16.0,humanoid/kor folder,False
Kotis,Uncommon,30,False,sprites/enemy/humanoid/human/bandit/banditleader.atlas,32,32,1.0,32.0,False,on grid,Person,0.5,16.0,"humanoid/human/bandit folder, moves 50%",True
Kunoros,Rare,30,False,sprites/enemy/fiend/hellhound_2.atlas,16,16,1.0,16.0,False,on grid,Person,1.0,16.0,art 16px vs 16px person (x1.00),True
Kykar,Rare,30,False,sprites/enemy/humanoid/aven/ibisheadedaven.atlas,16,16,1.0,16.0,False,on grid,Person,1.0,16.0,humanoid/aven folder,False
Kyler,Uncommon,30,False,sprites/enemy/humanoid/human/soldier/cathar.atlas,16,16,1.0,16.0,False,on grid,Person,1.0,16.0,humanoid/human/soldier folder,False
Kynaios and Tiro,Rare,50,False,sprites/enemy/humanoid/human/warrior/warrior.atlas,16,16,1.0,16.0,False,on grid,Person,1.0,16.0,"humanoid/human/warrior folder, life 50",True
Kytheon,Rare,34,False,sprites/enemy/humanoid/swordsman_2.atlas,16,16,1.0,16.0,False,on grid,Person,1.0,16.0,humanoid folder,False
Laboratory Assistant,Common,9,False,sprites/enemy/humanoid/human/wizard/archivist.atlas,16,16,1.0,16.0,False,on grid,Person,1.0,16.0,humanoid/human/wizard folder,False
Laelia,Common,11,False,sprites/enemy/construct/golem_4.atlas,16,16,1.0,16.0,False,on grid,Person,1.0,16.0,art 16px vs 16px person (x1.00),True
Lagrella,Uncommon,20,False,sprites/enemy/humanoid/human/cleric/priest.atlas,16,16,1.0,16.0,False,on grid,Person,1.0,16.0,humanoid/human/cleric folder,False
Lathril,Uncommon,20,False,sprites/enemy/humanoid/elf/lizardrider.atlas,16,16,1.0,16.0,False,on grid,Person,1.0,16.0,humanoid/elf folder,False
Laughing Jasper Flint,Rare,30,False,sprites/enemy/humanoid/viashino/scout_2.atlas,16,16,1.0,16.0,False,on grid,Person,1.0,16.0,humanoid/viashino folder,False
Lavinia,Uncommon,20,False,sprites/enemy/humanoid/human/cleric/cleric.atlas,16,16,1.0,16.0,False,on grid,Person,1.0,16.0,humanoid/human/cleric folder,False
Lazav,Rare,30,False,sprites/enemy/undead/graverevenant.atlas,16,16,1.0,16.0,False,on grid,Person,1.0,16.0,undead folder,False
Legend of the Badlands,Uncommon,20,False,sprites/enemy/humanoid/human/wizard/red_wiz2.atlas,16,16,1.0,16.0,False,on grid,Person,1.0,16.0,humanoid/human/wizard folder,False
Legend of the Savannah,Uncommon,20,False,sprites/enemy/humanoid/human/wizard/white_wiz2.atlas,16,16,1.0,16.0,False,on grid,Person,1.0,16.0,humanoid/human/wizard folder,False
Legend of the Taiga,Uncommon,20,False,sprites/enemy/humanoid/human/wizard/green_wiz2.atlas,16,16,1.0,16.0,False,on grid,Person,1.0,16.0,humanoid/human/wizard folder,False
Legend of the Tundra,Rare,20,False,sprites/enemy/humanoid/human/wizard/blue_wiz2.atlas,16,16,1.0,16.0,False,on grid,Person,1.0,16.0,humanoid/human/wizard folder,False
Legend of the Underground Sea,Uncommon,20,False,sprites/enemy/humanoid/human/wizard/black_wiz2.atlas,16,16,1.0,16.0,False,on grid,Person,1.0,16.0,humanoid/human/wizard folder,False
Leinore,Rare,20,False,sprites/enemy/humanoid/human/wizard/black_wiz3.atlas,16,16,1.0,16.0,False,on grid,Person,1.0,16.0,humanoid/human/wizard folder,False
Leonin Renegade,Uncommon,20,False,sprites/enemy/heroes/leonin_m.atlas,16,16,1.0,16.0,False,on grid,Person,1.0,16.0,heroes folder,False
Leonin Wanderer,Common,12,False,sprites/enemy/heroes/leonin_f.atlas,16,16,1.0,16.0,False,on grid,Person,1.0,16.0,heroes folder,False
Leonin Warrior,Rare,15,False,sprites/enemy/humanoid/leonin/lion.atlas,16,16,1.0,16.0,False,on grid,Person,1.0,16.0,humanoid/leonin folder,False
Leonin Weaponmaster,Rare,15,False,sprites/enemy/humanoid/leonin/lion_2.atlas,16,16,1.0,16.0,False,on grid,Person,1.0,16.0,humanoid/leonin folder,False
Leori,Rare,20,False,sprites/enemy/monstrosity/heartpiercer_manticore.atlas,26,16,1.0,16.0,False,on grid,Person,1.0,16.0,art 16px vs 16px person (x1.00),True
Lich,Uncommon,20,False,sprites/enemy/undead/lich_2.atlas,16,16,1.0,16.0,False,on grid,Person,1.0,16.0,undead folder,False
Licia,Rare,20,False,sprites/enemy/humanoid/paladin_2.atlas,16,16,1.0,16.0,False,on grid,Person,1.0,16.0,humanoid folder,False
Lier,Uncommon,31,False,sprites/enemy/humanoid/human/wizard/archivist.atlas,16,16,1.0,16.0,False,on grid,Person,1.0,16.0,humanoid/human/wizard folder,False
Lightning Elemental,Uncommon,21,False,sprites/enemy/elemental/lightningelemental.atlas,16,16,1.0,16.0,False,on grid,Person,1.0,16.0,art 16px vs 16px person (x1.00),True
Lilah,Rare,20,False,sprites/enemy/humanoid/elf/druid.atlas,16,16,1.0,16.0,False,on grid,Person,1.0,16.0,humanoid/elf folder,False
Liliana's Alchemist,Rare,25,False,sprites/enemy/humanoid/human/wizard/dimir_wiz.atlas,16,16,1.0,16.0,False,on grid,Person,1.0,16.0,humanoid/human/wizard folder,False
Liliana's Herbalist,Uncommon,25,False,sprites/enemy/humanoid/human/wizard/black_wizard.atlas,16,16,1.0,16.0,False,on grid,Person,1.0,16.0,humanoid/human/wizard folder,False
Lim-Dul the Necromancer,Common,32,False,sprites/enemy/undead/lich.atlas,16,16,1.0,16.0,False,on grid,Person,1.0,16.0,undead folder,False
Linden,Mythic,33,False,sprites/enemy/humanoid/elf/shaman_2.atlas,16,16,1.0,16.0,False,on grid,Person,1.0,16.0,humanoid/elf folder,False
Linvala,Rare,30,False,sprites/enemy/celestial/angelwarrior.atlas,16,16,1.0,16.0,False,on grid,Person,1.0,16.0,art 16px vs 16px person (x1.00),True
Lizardfolk Archer,Common,12,False,sprites/enemy/basic/humanoid/lizardfolk_archer.atlas,16,16,1.0,16.0,False,on grid,Person,1.0,16.0,basic/humanoid folder,False
Lizardfolk Gladiator,Rare,30,False,sprites/enemy/basic/humanoid/lizardfolk_gladiator.atlas,16,16,1.0,16.0,False,on grid,Person,1.0,16.0,basic/humanoid folder,False
Lizardfolk Scout,Common,11,False,sprites/enemy/basic/humanoid/lizardfolk_scout.atlas,16,16,1.0,16.0,False,on grid,Person,1.0,16.0,basic/humanoid folder,False
Lizardfolk Spearman,Common,12,False,sprites/enemy/basic/humanoid/lizardfolk_spearman.atlas,16,16,1.0,16.0,False,on grid,Person,1.0,16.0,basic/humanoid folder,False
Lluwen,Rare,30,False,sprites/enemy/fey/satyr.atlas,16,16,1.0,16.0,False,on grid,Person,1.0,16.0,art 16px vs 16px person (x1.00),True
Loam Elemental,Rare,30,False,sprites/enemy/basic/magical/loam_elemental.atlas,16,16,1.0,16.0,False,on grid,Person,1.0,16.0,basic/magical folder,False
Loamspeaker,Rare,20,False,sprites/enemy/humanoid/elf/shaman.atlas,16,16,1.0,16.0,False,on grid,Person,1.0,16.0,humanoid/elf folder,False
Lonis,Uncommon,20,False,sprites/enemy/humanoid/naga/nagawarrior.atlas,16,16,1.0,16.0,False,on grid,Person,1.0,16.0,humanoid/naga folder,False
Ludevic and Kraum,Rare,20,False,sprites/enemy/undead/zombiepoisoner.atlas,16,16,1.0,16.0,False,on grid,Person,1.0,16.0,undead folder,False
Lynde,Uncommon,20,False,sprites/enemy/humanoid/human/shaman/chandra.atlas,16,16,1.0,16.0,False,on grid,Person,1.0,16.0,humanoid/human/shaman folder,False
Magda,Uncommon,21,False,sprites/enemy/humanoid/dwarf/bear_cavalry.atlas,16,16,1.0,16.0,False,on grid,Person,1.0,16.0,humanoid/dwarf folder,False
Magical Fairy,Rare,30,False,sprites/enemy/basic/magical/magical_fairy.atlas,16,16,1.0,16.0,False,on grid,Person,1.0,16.0,basic/magical folder,False
Magma Elemental,Uncommon,25,False,sprites/enemy/elemental/magmaelemental.atlas,16,16,1.0,16.0,False,on grid,Person,1.0,16.0,"art 16px vs 16px person (x1.00), tagged humanoid",True
Mairsil,Rare,30,False,sprites/enemy/humanoid/human/wizard/black_wiz2.atlas,16,16,1.0,16.0,False,on grid,Person,1.0,16.0,humanoid/human/wizard folder,False
Maja,Uncommon,20,False,sprites/enemy/humanoid/paladin_2.atlas,16,16,1.0,16.0,False,on grid,Person,1.0,16.0,humanoid folder,False
Mangara,Rare,34,False,sprites/enemy/humanoid/human/warrior/warrior.atlas,16,16,1.0,16.0,False,on grid,Person,1.0,16.0,humanoid/human/warrior folder,False
Maralen,Rare,60,False,sprites/enemy/humanoid/elf/shaman_2.atlas,16,16,1.0,16.0,False,on grid,Person,1.0,16.0,"humanoid/elf folder, life 60",True
Marc Hernandez '95,Rare,25,False,sprites/enemy/humanoid/human/knight/paladin.atlas,16,16,1.0,16.0,False,on grid,Person,1.0,16.0,humanoid/human/knight folder,False
Marina,Rare,30,False,sprites/enemy/humanoid/human/wizard/black_wiz3.atlas,16,16,1.0,16.0,False,on grid,Person,1.0,16.0,humanoid/human/wizard folder,False
Mark Justice '95,Uncommon,25,False,sprites/enemy/humanoid/human/warrior/warrior.atlas,16,16,1.0,16.0,False,on grid,Person,1.0,16.0,humanoid/human/warrior folder,False
Mark Justice '96,Uncommon,25,False,sprites/enemy/humanoid/human/warrior/warrior.atlas,16,16,1.0,16.0,False,on grid,Person,1.0,16.0,humanoid/human/warrior folder,False
Mark Le Pine '99,Common,13,False,sprites/enemy/humanoid/human/wizard/red_wiz2.atlas,16,16,1.0,16.0,False,on grid,Person,1.0,16.0,humanoid/human/wizard folder,False
Marwyn,Rare,32,False,sprites/enemy/humanoid/elf/hunter.atlas,16,16,1.0,16.0,False,on grid,Person,1.0,16.0,humanoid/elf folder,False
Massacre Girl,Uncommon,18,False,sprites/enemy/humanoid/human/rogue/rogue.atlas,16,16,1.0,16.0,False,on grid,Person,1.0,16.0,humanoid/human/rogue folder,False
Master Black Wizard,Rare,20,False,sprites/enemy/humanoid/human/wizard/black_wiz3.atlas,16,16,1.0,16.0,False,on grid,Person,1.0,16.0,humanoid/human/wizard folder,False
Master Blue Wizard,Uncommon,20,False,sprites/enemy/humanoid/human/wizard/mage_2.atlas,16,16,1.0,16.0,False,on grid,Person,1.0,16.0,humanoid/human/wizard folder,False
Master Green Wizard,Rare,20,False,sprites/enemy/humanoid/elf/green_wiz3.atlas,16,16,1.0,16.0,False,on grid,Person,1.0,16.0,humanoid/elf folder,False
Master Red Wizard,Rare,20,False,sprites/enemy/humanoid/human/wizard/red_wiz3.atlas,16,16,1.0,16.0,False,on grid,Person,1.0,16.0,humanoid/human/wizard folder,False
Master White Wizard,Rare,20,False,sprites/enemy/humanoid/human/wizard/white_wiz3.atlas,16,16,1.0,16.0,False,on grid,Person,1.0,16.0,humanoid/human/wizard folder,False
Matt Linde '99,Common,11,False,sprites/enemy/humanoid/elf/druid.atlas,16,16,1.0,16.0,False,on grid,Person,1.0,16.0,humanoid/elf folder,False
Mayael,Uncommon,30,False,sprites/enemy/humanoid/elf/druid_2.atlas,16,16,1.0,16.0,False,on grid,Person,1.0,16.0,humanoid/elf folder,False
Mazirek,Rare,20,False,sprites/enemy/humanoid/nantuko/deadlymantis.atlas,32,32,0.5,16.0,False,on grid,Person,0.5,16.0,humanoid/nantuko folder,False
Melek,Rare,20,False,sprites/enemy/elemental/iceelemental2.atlas,16,16,1.0,16.0,False,on grid,Person,1.0,16.0,art 16px vs 16px person (x1.00),True
Meloku,Mythic,93,False,sprites/enemy/humanoid/kor/kor_blue.atlas,16,16,1.0,16.0,False,on grid,Person,1.0,16.0,"humanoid/kor folder, life 93",True
Meren of Clan Nel Toth,Rare,28,False,sprites/enemy/humanoid/human/wizard/corrupted_greenwiz.atlas,16,16,1.0,16.0,False,on grid,Person,1.0,16.0,humanoid/human/wizard folder,False
Merfolk,Common,13,False,sprites/enemy/elemental/waterelemental.atlas,16,16,1.0,16.0,False,on grid,Person,1.0,16.0,"art 16px vs 16px person (x1.00), tagged humanoid",True
Merfolk Avatar,Rare,14,False,sprites/enemy/elemental/iceelemental.atlas,16,16,1.0,16.0,False,on grid,Person,1.0,16.0,"art 16px vs 16px person (x1.00), tagged humanoid",True
Merfolk Fighter,Uncommon,20,False,sprites/enemy/humanoid/merfolk/merfolk.atlas,16,16,1.0,16.0,False,on grid,Person,1.0,16.0,humanoid/merfolk folder,False
Merfolk Soldier,Common,13,False,sprites/enemy/humanoid/merfolk/mermaid.atlas,16,16,1.0,16.0,False,on grid,Person,1.0,16.0,humanoid/merfolk folder,False
Merfolk warrior,Uncommon,12,False,sprites/enemy/elemental/airelemental.atlas,16,16,1.0,16.0,False,on grid,Person,1.0,16.0,"art 16px vs 16px person (x1.00), tagged humanoid",True
Metallic Sliver,Rare,30,False,sprites/enemy/aberration/sliver_black.atlas,16,16,1.0,16.0,False,on grid,Person,1.0,16.0,art 16px vs 16px person (x1.00),True
Metathran Renegade,Uncommon,18,False,sprites/enemy/heroes/metathran_m.atlas,16,16,1.0,16.0,False,on grid,Person,1.0,16.0,heroes folder,False
Metathran Wanderer,Uncommon,20,False,sprites/enemy/heroes/metathran_f.atlas,16,16,1.0,16.0,False,on grid,Person,1.0,16.0,heroes folder,False
Miara and Numa,Uncommon,30,False,sprites/enemy/humanoid/elf/shaman_2.atlas,16,16,1.0,16.0,False,on grid,Person,1.0,16.0,humanoid/elf folder,False
Migloz,Uncommon,20,False,sprites/enemy/aberration/phyrexian/copperhostbrutalizer.atlas,16,16,1.0,16.0,False,on grid,Person,1.0,16.0,art 16px vs 16px person (x1.00),True
Mikaeus,Uncommon,18,False,sprites/enemy/undead/lich.atlas,16,16,1.0,16.0,False,on grid,Person,1.0,16.0,undead folder,False
Millicent,Rare,20,False,sprites/enemy/undead/ghost_2.atlas,16,16,1.0,16.0,False,on grid,Person,1.0,16.0,undead folder,False
Mimic,Uncommon,12,False,sprites/enemy/aberration/mimic.atlas,16,16,1.0,16.0,False,on grid,Person,1.0,16.0,art 16px vs 16px person (x1.00),True
Mina and Denn,Uncommon,40,False,sprites/enemy/humanoid/elf/lizardrider.atlas,16,16,1.0,16.0,False,on grid,Person,1.0,16.0,humanoid/elf folder,False
Mindclaw Shaman,Rare,19,False,sprites/enemy/humanoid/viashino/dreamwalker.atlas,16,16,1.0,16.0,False,on grid,Person,1.0,16.0,humanoid/viashino folder,False
Minor Demon,Uncommon,18,False,sprites/enemy/fiend/demon_4.atlas,16,16,1.0,16.0,False,on grid,Person,1.0,16.0,art 16px vs 16px person (x1.00),True
Minotaur Flayer,Common,16,False,sprites/enemy/fiend/warden_2.atlas,16,16,1.0,16.0,False,on grid,Person,1.0,16.0,"art 16px vs 16px person (x1.00), tagged humanoid",True
Miriam,Rare,20,False,sprites/enemy/humanoid/elf/hunter_2.atlas,16,16,1.0,16.0,False,on grid,Person,1.0,16.0,humanoid/elf folder,False
Mirko,Rare,20,False,sprites/enemy/undead/vampire.atlas,16,16,1.0,16.0,False,on grid,Person,1.0,16.0,undead folder,False
Mirri,Rare,20,False,sprites/enemy/humanoid/leonin/lion.atlas,16,16,1.0,16.0,False,on grid,Person,1.0,16.0,humanoid/leonin folder,False
Mishra,Rare,40,False,sprites/enemy/humanoid/human/wizard/red_wiz3.atlas,16,16,1.0,16.0,False,on grid,Person,1.0,16.0,humanoid/human/wizard folder,False
Missionary of Saint Traft,Common,12,False,sprites/enemy/humanoid/human/cleric/priest.atlas,16,16,1.0,16.0,False,on grid,Person,1.0,16.0,humanoid/human/cleric folder,False
Momir Vig,Rare,20,False,sprites/enemy/humanoid/human/wizard/simic_wiz.atlas,16,16,1.0,16.0,False,on grid,Person,1.0,16.0,humanoid/human/wizard folder,False
Mondrak,Mythic,53,False,sprites/enemy/aberration/phyrexian/phyrexianduelist.atlas,16,16,1.0,16.0,False,on grid,Person,1.0,16.0,"art 16px vs 16px person (x1.00), life 53",True
Monk,Uncommon,11,False,sprites/enemy/humanoid/human/cleric/monk.atlas,16,16,1.0,16.0,False,on grid,Person,1.0,16.0,humanoid/human/cleric folder,False
Morcant,Rare,80,False,sprites/enemy/humanoid/elf/hunter_2.atlas,16,16,1.0,16.0,False,on grid,Person,1.0,16.0,"humanoid/elf folder, life 80",True
Moritte,Uncommon,20,False,sprites/enemy/humanoid/human/warrior/caribou_elite.atlas,16,16,1.0,16.0,False,on grid,Person,1.0,16.0,humanoid/human/warrior folder,False
Mrs. Klaus,Uncommon,20,False,sprites/enemy/humanoid/elf/deftsorceress.atlas,16,16,1.0,16.0,False,on grid,Person,1.0,16.0,humanoid/elf folder,False
Mu Yanling,Rare,41,False,sprites/enemy/humanoid/elf/druid.atlas,16,16,1.0,16.0,False,on grid,Person,1.0,16.0,humanoid/elf folder,False
Muddle,Rare,20,False,sprites/enemy/elemental/waterelemental.atlas,16,16,1.0,16.0,False,on grid,Person,1.0,16.0,art 16px vs 16px person (x1.00),True
Mutilated Stumbler,Common,13,False,sprites/enemy/basic/undead/mutilated_stumbler.atlas,16,16,1.0,16.0,False,on grid,Person,1.0,16.0,basic/undead folder,False
Muzzio,Rare,19,False,sprites/enemy/humanoid/human/wizard/wizard.atlas,16,16,1.0,16.0,False,on grid,Person,1.0,16.0,humanoid/human/wizard folder,False
Márton Stromgald,Mythic,50,False,sprites/enemy/humanoid/human/knight/cavalier.atlas,16,16,1.0,16.0,False,on grid,Person,1.0,16.0,"humanoid/human/knight folder, life 50",True
Naga Warrior,Common,16,False,sprites/enemy/humanoid/naga/nagawarrior.atlas,16,16,1.0,16.0,False,on grid,Person,1.0,16.0,humanoid/naga folder,False
Najal,Uncommon,20,False,sprites/enemy/elemental/efreet_2.atlas,16,16,1.0,16.0,False,on grid,Person,1.0,16.0,art 16px vs 16px person (x1.00),True
Najeela,Uncommon,30,False,sprites/enemy/humanoid/paladin_2.atlas,16,16,1.0,16.0,False,on grid,Person,1.0,16.0,humanoid folder,False
Narci,Rare,20,False,sprites/enemy/humanoid/elf/shaman.atlas,16,16,1.0,16.0,False,on grid,Person,1.0,16.0,humanoid/elf folder,False
Narfi,Uncommon,20,False,sprites/enemy/undead/lich_2.atlas,16,16,1.0,16.0,False,on grid,Person,1.0,16.0,undead folder,False
Narset,Rare,30,False,sprites/enemy/humanoid/human/cleric/monk_3.atlas,16,16,1.0,16.0,False,on grid,Person,1.0,16.0,humanoid/human/cleric folder,False
Nath,Uncommon,20,False,sprites/enemy/humanoid/human/knight/cavalier_2.atlas,16,16,1.0,16.0,False,on grid,Person,1.0,16.0,humanoid/human/knight folder,False
Necromancer,Rare,31,False,sprites/enemy/humanoid/human/wizard/black_wiz2.atlas,16,16,1.0,16.0,False,on grid,Person,1.0,16.0,humanoid/human/wizard folder,False
Necromancer of Shandalar,Common,28,False,sprites/enemy/undead/lich.atlas,16,16,1.0,16.0,False,on grid,Person,1.0,16.0,undead folder,False
Nefarox,Uncommon,21,False,sprites/enemy/fiend/abyssalbaron.atlas,16,16,1.0,16.0,False,on grid,Person,1.0,16.0,art 16px vs 16px person (x1.00),True
Nekusar,Rare,40,False,sprites/enemy/undead/lich_3.atlas,16,16,1.0,16.0,False,on grid,Person,1.0,16.0,undead folder,False
Nether Fiend of Shandalar,Uncommon,21,False,sprites/enemy/fiend/demon.atlas,16,16,1.0,16.0,False,on grid,Person,1.0,16.0,art 16px vs 16px person (x1.00),True
Neyali,Rare,30,False,sprites/enemy/construct/golem_3.atlas,16,16,1.0,16.0,False,on grid,Person,1.0,16.0,art 16px vs 16px person (x1.00),True
Niambi,Rare,30,False,sprites/enemy/humanoid/human/cleric/cleric.atlas,16,16,1.0,16.0,False,on grid,Person,1.0,16.0,humanoid/human/cleric folder,False
Nicolas Labarre '00,Rare,25,False,sprites/enemy/humanoid/elf/druid.atlas,16,16,1.0,16.0,False,on grid,Person,1.0,16.0,humanoid/elf folder,False
Nikara and Yannik,Uncommon,30,False,sprites/enemy/humanoid/human/wizard/corrupted_greenwiz.atlas,16,16,1.0,16.0,False,on grid,Person,1.0,16.0,humanoid/human/wizard folder,False
Nikya,Rare,20,False,sprites/enemy/fey/centaur_2.atlas,16,16,1.0,16.0,False,on grid,Person,1.0,16.0,art 16px vs 16px person (x1.00),True
Nogi,Rare,28,False,sprites/enemy/humanoid/kobold/kobolddragoncaller.atlas,32,32,1.0,32.0,False,on grid,Person,0.5,16.0,"humanoid/kobold folder, moves 50%",True
Norin,Uncommon,19,False,sprites/enemy/humanoid/human/peasant/farmer.atlas,16,16,1.0,16.0,False,on grid,Person,1.0,16.0,humanoid/human/peasant folder,False
Novice Pyromancer,Common,13,False,sprites/enemy/basic/magical/novice_pyromancer.atlas,16,16,1.0,16.0,False,on grid,Person,1.0,16.0,basic/magical folder,False
Nuno sa Punso,Common,10,False,sprites/enemy/basic/spirit/nuno_sa_punso.atlas,12,13,1.0,13.0,False,"critter, deliberate",Person,1.23,16.0,basic/spirit folder,False
Nylea,Rare,34,False,sprites/enemy/humanoid/elf/hunter.atlas,16,16,2.0,32.0,False,on grid,Person,1.0,16.0,"humanoid/elf folder, moves 50%",True
Nymris,Rare,20,False,sprites/enemy/fey/dimirfaerie.atlas,16,16,1.0,16.0,False,on grid,Person,1.0,16.0,art 16px vs 16px person (x1.00),True
Obsessed Stitcher,Common,25,False,sprites/enemy/humanoid/human/wizard/geistmage.atlas,16,16,1.0,16.0,False,on grid,Person,1.0,16.0,humanoid/human/wizard folder,False
Odric,Rare,19,False,sprites/enemy/humanoid/human/soldier/cathar.atlas,16,16,1.0,16.0,False,on grid,Person,1.0,16.0,humanoid/human/soldier folder,False
Ognis,Uncommon,20,False,sprites/enemy/humanoid/viashino/battler_2.atlas,16,16,1.0,16.0,False,on grid,Person,1.0,16.0,humanoid/viashino folder,False
Ojer Pakpatiq,Rare,32,False,sprites/enemy/monstrosity/basilisk_3.atlas,16,16,1.0,16.0,False,on grid,Person,1.0,16.0,art 16px vs 16px person (x1.00),True
Oketra,Rare,27,False,sprites/enemy/humanoid/khenra/jackalwarrior.atlas,32,32,1.5,48.0,False,on grid,Person,0.5,16.0,"humanoid/khenra folder, moves 67%",True
Old Stickfingers,Rare,30,False,sprites/enemy/construct/scarecrow.atlas,16,16,1.0,16.0,False,on grid,Person,1.0,16.0,art 16px vs 16px person (x1.00),True
Olivia,Rare,40,False,sprites/enemy/undead/ghost_2.atlas,16,16,1.0,16.0,False,on grid,Person,1.0,16.0,undead folder,False
Olle Rade '96,Common,25,False,sprites/enemy/humanoid/elf/shaman.atlas,16,16,1.0,16.0,False,on grid,Person,1.0,16.0,humanoid/elf folder,False
Omarthis,Rare,40,False,sprites/enemy/humanoid/naga/nagawarrior.atlas,16,16,1.0,16.0,False,on grid,Person,1.0,16.0,humanoid/naga folder,False
Omo,Uncommon,20,False,sprites/enemy/monstrosity/gorgonen.atlas,16,16,1.0,16.0,False,on grid,Person,1.0,16.0,art 16px vs 16px person (x1.00),True
Orah,Uncommon,20,False,sprites/enemy/humanoid/kor/mineguard.atlas,16,16,1.0,16.0,False,on grid,Person,1.0,16.0,humanoid/kor folder,False
Orthion,Uncommon,20,False,sprites/enemy/humanoid/human/soldier/cathar.atlas,16,16,1.0,16.0,False,on grid,Person,1.0,16.0,humanoid/human/soldier folder,False
Orthodoxy Angel,Uncommon,19,False,sprites/enemy/aberration/phyrexian/phyrexianangel.atlas,16,16,1.0,16.0,False,on grid,Person,1.0,16.0,art 16px vs 16px person (x1.00),True
Orthodoxy Duelist,Uncommon,16,False,sprites/enemy/aberration/phyrexian/phyrexianduelist.atlas,16,16,1.0,16.0,False,on grid,Person,1.0,16.0,art 16px vs 16px person (x1.00),True
Orvar,Common,12,False,sprites/enemy/undead/ghost.atlas,16,16,1.0,16.0,False,on grid,Person,1.0,16.0,undead folder,False
Orysa,Uncommon,22,False,sprites/enemy/humanoid/merfolk/kiora.atlas,16,16,1.0,16.0,False,on grid,Person,1.0,16.0,humanoid/merfolk folder,False
Orzhov Cleric,Uncommon,20,False,sprites/enemy/humanoid/human/cleric/cleric_orzhov.atlas,16,16,1.0,16.0,False,on grid,Person,1.0,16.0,humanoid/human/cleric folder,False
Oura,Rare,80,False,sprites/enemy/fey/dimirfaerie.atlas,16,16,1.0,16.0,False,on grid,Person,1.0,16.0,"art 16px vs 16px person (x1.00), life 80",True
Oviya,Uncommon,17,False,sprites/enemy/humanoid/human/wizard/green_wiz2.atlas,16,16,1.0,16.0,False,on grid,Person,1.0,16.0,humanoid/human/wizard folder,False
Ozox,Uncommon,18,False,sprites/enemy/undead/skeleton_2.atlas,16,16,1.0,16.0,False,on grid,Person,1.0,16.0,undead folder,False
Padeem,Mythic,44,False,sprites/enemy/humanoid/merfolk/merfolk.atlas,16,16,1.0,16.0,False,on grid,Person,1.0,16.0,humanoid/merfolk folder,False
Pashalik Mons,Uncommon,31,False,sprites/enemy/humanoid/goblin/goblin.atlas,16,16,1.0,16.0,False,on grid,Person,1.0,16.0,humanoid/goblin folder,False
Paul McCabe '97,Common,25,False,sprites/enemy/humanoid/human/wizard/red_wiz2.atlas,16,16,1.0,16.0,False,on grid,Person,1.0,16.0,humanoid/human/wizard folder,False
Peer Kroger '03,Uncommon,25,False,sprites/enemy/humanoid/human/wizard/black_wizard.atlas,16,16,1.0,16.0,False,on grid,Person,1.0,16.0,humanoid/human/wizard folder,False
Phabine,Rare,20,False,sprites/enemy/humanoid/leonin/lion_2.atlas,16,16,1.0,16.0,False,on grid,Person,1.0,16.0,humanoid/leonin folder,False
Phenax,Rare,40,False,sprites/enemy/undead/lich_2.atlas,16,16,3.0,48.0,False,on grid,Person,1.0,16.0,"undead folder, moves 67%",True
Phoenix,Mythic,47,False,sprites/enemy/elemental/phoenix.atlas,16,16,1.0,16.0,False,on grid,Person,1.0,16.0,"art 16px vs 16px person (x1.00), life 47",True
Phyrexian Renegade,Rare,30,False,sprites/enemy/heroes/phyrexian_m.atlas,16,16,1.0,16.0,False,on grid,Person,1.0,16.0,heroes folder,False
Phyrexian Wanderer,Common,12,False,sprites/enemy/heroes/phyrexian_f.atlas,16,16,1.0,16.0,False,on grid,Person,1.0,16.0,heroes folder,False
Pia Nalaar,Rare,20,False,sprites/enemy/humanoid/human/shaman/chandra.atlas,16,16,1.0,16.0,False,on grid,Person,1.0,16.0,humanoid/human/shaman folder,False
Pirate,Uncommon,16,False,sprites/enemy/humanoid/human/rogue/pirate.atlas,16,16,1.0,16.0,False,on grid,Person,1.0,16.0,humanoid/human/rogue folder,False
Pirate 2,Rare,16,False,sprites/enemy/humanoid/human/rogue/pirate2.atlas,16,16,1.0,16.0,False,on grid,Person,1.0,16.0,humanoid/human/rogue folder,False
Pirate 3,Rare,16,False,sprites/enemy/humanoid/human/rogue/pirate3.atlas,16,16,1.0,16.0,False,on grid,Person,1.0,16.0,humanoid/human/rogue folder,False
Pirate Captain,Rare,25,False,sprites/enemy/humanoid/human/rogue/pirate_captain.atlas,16,16,1.0,16.0,False,on grid,Person,1.0,16.0,humanoid/human/rogue folder,False
Pirate Captain 2,Common,11,False,sprites/enemy/humanoid/human/rogue/pirate3.atlas,16,16,1.0,16.0,False,on grid,Person,1.0,16.0,humanoid/human/rogue folder,False
Pitchfork Farmer,Common,12,False,sprites/enemy/basic/humanoid/pitchfork_farmer.atlas,32,20,0.8,16.0,False,on grid,Person,0.8,16.0,basic/humanoid folder,False
Plagon,Uncommon,60,False,sprites/enemy/beast/ocean/octopus.atlas,16,16,1.0,16.0,False,on grid,Person,1.0,16.0,"art 16px vs 16px person (x1.00), life 60",True
Plargg,Rare,20,False,sprites/enemy/humanoid/human/wizard/red_wiz3.atlas,16,16,1.0,16.0,False,on grid,Person,1.0,16.0,humanoid/human/wizard folder,False
Plateau Dweller of Rith,Rare,20,False,sprites/enemy/humanoid/human/wizard/red_wiz2.atlas,16,16,1.0,16.0,False,on grid,Person,1.0,16.0,humanoid/human/wizard folder,False
Pol Jamaar,Uncommon,22,False,sprites/enemy/humanoid/human/wizard/mage_2.atlas,16,16,1.0,16.0,False,on grid,Person,1.0,16.0,humanoid/human/wizard folder,False
Priest Fanatic,Mythic,53,False,sprites/enemy/humanoid/human/cleric/fanatic_priest.atlas,16,16,1.0,16.0,False,on grid,Person,1.0,16.0,"humanoid/human/cleric folder, life 53",True
Qala,Uncommon,21,False,sprites/enemy/humanoid/leonin/lion.atlas,16,16,1.0,16.0,False,on grid,Person,1.0,16.0,humanoid/leonin folder,False
Radha,Uncommon,20,False,sprites/enemy/humanoid/elf/hunter.atlas,16,16,1.0,16.0,False,on grid,Person,1.0,16.0,humanoid/elf folder,False
Raff,Rare,20,False,sprites/enemy/humanoid/human/cleric/monk_3.atlas,16,16,1.0,16.0,False,on grid,Person,1.0,16.0,humanoid/human/cleric folder,False
Rafiq,Uncommon,40,False,sprites/enemy/humanoid/knight.atlas,16,16,1.0,16.0,False,on grid,Person,1.0,16.0,humanoid folder,False
Rakdos Devil,Uncommon,11,False,sprites/enemy/fiend/juggler.atlas,16,16,1.0,16.0,False,on grid,Person,1.0,16.0,"art 16px vs 16px person (x1.00), tagged humanoid",True
Rakdos Wizard,Rare,25,False,sprites/enemy/humanoid/human/wizard/rakdos_wiz.atlas,16,16,1.0,16.0,False,on grid,Person,1.0,16.0,humanoid/human/wizard folder,False
Ral,Rare,20,False,sprites/enemy/humanoid/human/wizard/geistmage.atlas,16,16,1.0,16.0,False,on grid,Person,1.0,16.0,humanoid/human/wizard folder,False
Ramirez,Uncommon,20,False,sprites/enemy/humanoid/human/rogue/pirate.atlas,16,16,1.0,16.0,False,on grid,Person,1.0,16.0,humanoid/human/rogue folder,False
Randy Buehler '98,Common,23,False,sprites/enemy/humanoid/human/wizard/archmage.atlas,32,32,1.0,32.0,False,on grid,Person,0.5,16.0,"humanoid/human/wizard folder, moves 50%",True
Rankle,Uncommon,22,False,sprites/enemy/fey/dimirfaerie.atlas,16,16,1.0,16.0,False,on grid,Person,1.0,16.0,art 16px vs 16px person (x1.00),True
Raphael Levy '02,Uncommon,25,False,sprites/enemy/humanoid/human/wizard/green_wiz1.atlas,16,16,1.0,16.0,False,on grid,Person,1.0,16.0,humanoid/human/wizard folder,False
Rashmi,Rare,30,False,sprites/enemy/humanoid/elf/green_wiz3.atlas,16,16,1.0,16.0,False,on grid,Person,1.0,16.0,humanoid/elf folder,False
Rasputin,Rare,30,False,sprites/enemy/humanoid/human/wizard/red_wiz2.atlas,16,16,1.0,16.0,False,on grid,Person,1.0,16.0,humanoid/human/wizard folder,False
Ratadrabik,Uncommon,30,False,sprites/enemy/undead/lich.atlas,16,16,1.0,16.0,False,on grid,Person,1.0,16.0,undead folder,False
Rayami,Uncommon,20,False,sprites/enemy/undead/deathknightidle.atlas,16,16,1.0,16.0,False,on grid,Person,1.0,16.0,undead folder,False
Reassembling Skeleton,Common,11,False,sprites/enemy/undead/skeleton.atlas,16,16,1.0,16.0,False,on grid,Person,1.0,16.0,undead folder,False
Recruiter Sliver,Uncommon,30,False,sprites/enemy/aberration/sliver_black.atlas,16,16,1.0,16.0,False,on grid,Person,1.0,16.0,art 16px vs 16px person (x1.00),True
Red Beast,Mythic,50,False,sprites/enemy/monstrosity/basilisk_2.atlas,16,16,1.0,16.0,False,on grid,Person,1.0,16.0,"art 16px vs 16px person (x1.00), life 50",True
Red Dragonkin Renegade,Mythic,44,False,sprites/enemy/heroes/dragonkin_r.atlas,16,16,1.0,16.0,False,on grid,Person,1.0,16.0,heroes folder,False
Red Dwende,Common,10,False,sprites/enemy/basic/spirit/red_dwende.atlas,10,12,1.0,12.0,False,"critter, deliberate",Person,1.33,16.0,basic/spirit folder,False
Red-Cloak Duelist,Common,11,False,sprites/enemy/basic/humanoid/red_cloak_duelist.atlas,12,13,1.0,13.0,False,"critter, deliberate",Person,1.23,16.0,basic/humanoid folder,False
Redshift,Rare,30,False,sprites/enemy/humanoid/goblin/wolf_rider_2.atlas,16,16,1.0,16.0,False,on grid,Person,1.0,16.0,humanoid/goblin folder,False
Reidane,Rare,26,False,sprites/enemy/celestial/angel_2.atlas,16,16,1.0,16.0,False,on grid,Person,1.0,16.0,art 16px vs 16px person (x1.00),True
Reveka,Uncommon,18,False,sprites/enemy/humanoid/human/wizard/mage.atlas,16,16,1.0,16.0,False,on grid,Person,1.0,16.0,humanoid/human/wizard folder,False
Reyav,Uncommon,20,False,sprites/enemy/humanoid/dwarf/miner.atlas,16,16,1.0,16.0,False,on grid,Person,1.0,16.0,humanoid/dwarf folder,False
Reyhan and Ishai,Rare,40,False,sprites/enemy/humanoid/aven/falconheadedaven.atlas,16,16,1.0,16.0,False,on grid,Person,1.0,16.0,humanoid/aven folder,False
Rhonas,Rare,27,False,sprites/enemy/humanoid/viashino/dreamwalker_2.atlas,16,16,2.0,32.0,False,on grid,Person,1.0,16.0,"humanoid/viashino folder, moves 50%",True
Rhys,Rare,30,False,sprites/enemy/fey/satyr.atlas,16,16,1.0,16.0,False,on grid,Person,1.0,16.0,art 16px vs 16px person (x1.00),True
Ria Ivor,Uncommon,30,False,sprites/enemy/humanoid/human/knight/death_knight.atlas,16,16,1.0,16.0,False,on grid,Person,1.0,16.0,humanoid/human/knight folder,False
Rielle,Uncommon,30,False,sprites/enemy/humanoid/elf/shaman.atlas,16,16,1.0,16.0,False,on grid,Person,1.0,16.0,humanoid/elf folder,False
Rigo,Uncommon,20,False,sprites/enemy/humanoid/leonin/lion.atlas,16,16,1.0,16.0,False,on grid,Person,1.0,16.0,humanoid/leonin folder,False
Riku,Rare,40,False,sprites/enemy/humanoid/human/wizard/geistmage.atlas,16,16,1.0,16.0,False,on grid,Person,1.0,16.0,humanoid/human/wizard folder,False
Rishkar,Common,11,False,sprites/enemy/humanoid/human/warrior/bearguard.atlas,16,16,1.0,16.0,False,on grid,Person,1.0,16.0,humanoid/human/warrior folder,False
Rivaz,Rare,30,False,sprites/enemy/humanoid/viashino/dreamwalker_2.atlas,16,16,1.0,16.0,False,on grid,Person,1.0,16.0,humanoid/viashino folder,False
Rocco,Rare,20,False,sprites/enemy/fiend/tibalt.atlas,16,16,1.0,16.0,False,on grid,Person,1.0,16.0,art 16px vs 16px person (x1.00),True
Rogue,Uncommon,11,False,sprites/enemy/humanoid/human/rogue/rogue.atlas,16,16,1.0,16.0,False,on grid,Person,1.0,16.0,humanoid/human/rogue folder,False
Rona,Uncommon,30,False,sprites/enemy/humanoid/elf/shaman.atlas,16,16,1.0,16.0,False,on grid,Person,1.0,16.0,humanoid/elf folder,False
Rothga,Rare,30,False,sprites/enemy/aberration/phyrexian/copperhostbrutalizer.atlas,16,16,1.0,16.0,False,on grid,Person,1.0,16.0,art 16px vs 16px person (x1.00),True
Rowan,Rare,40,False,sprites/enemy/humanoid/human/shaman/chandra.atlas,16,16,1.0,16.0,False,on grid,Person,1.0,16.0,humanoid/human/shaman folder,False
Roxanne,Rare,30,False,sprites/enemy/humanoid/leonin/lion_2.atlas,16,16,1.0,16.0,False,on grid,Person,1.0,16.0,humanoid/leonin folder,False
Royal Scarab,Common,12,False,sprites/enemy/basic/undead/royal_scarab.atlas,16,16,1.0,16.0,False,on grid,Person,1.0,16.0,basic/undead folder,False
Royal Sentinel,Rare,20,False,sprites/enemy/undead/royalsentinel.atlas,16,16,1.0,16.0,False,on grid,Person,1.0,16.0,undead folder,False
Rukarumel,Uncommon,40,False,sprites/enemy/humanoid/human/wizard/corrupted_greenwiz.atlas,16,16,1.0,16.0,False,on grid,Person,1.0,16.0,humanoid/human/wizard folder,False
Runo,Uncommon,30,False,sprites/enemy/humanoid/human/warlock/high_cultist.atlas,16,16,1.0,16.0,False,on grid,Person,1.0,16.0,humanoid/human/warlock folder,False
Rusko,Rare,30,False,sprites/enemy/humanoid/human/wizard/enchanter.atlas,16,16,1.0,16.0,False,on grid,Person,1.0,16.0,humanoid/human/wizard folder,False
Saheeli,Uncommon,20,False,sprites/enemy/humanoid/elf/shaman.atlas,16,16,1.0,16.0,False,on grid,Person,1.0,16.0,humanoid/elf folder,False
Sai,Uncommon,19,False,sprites/enemy/humanoid/human/wizard/teferi.atlas,16,16,1.0,16.0,False,on grid,Person,1.0,16.0,humanoid/human/wizard folder,False
Saint Elenda,Rare,31,False,sprites/enemy/humanoid/paladin_2.atlas,16,16,1.0,16.0,False,on grid,Person,1.0,16.0,humanoid folder,False
Sakashima,Mythic,53,False,sprites/enemy/undead/doppelganger.atlas,16,16,1.0,16.0,False,on grid,Person,1.0,16.0,"undead folder, life 53",True
Sami,Uncommon,20,False,sprites/enemy/humanoid/human/bard/humanbard.atlas,16,16,1.0,16.0,False,on grid,Person,1.0,16.0,humanoid/human/bard folder,False
Sand Ghoul,Uncommon,21,False,sprites/enemy/undead/sandghoul.atlas,16,16,1.0,16.0,False,on grid,Person,1.0,16.0,undead folder,False
Sand Golem,Common,12,False,sprites/enemy/elemental/sandelemental.atlas,16,16,1.0,16.0,False,on grid,Person,1.0,16.0,"art 16px vs 16px person (x1.00), tagged humanoid",True
Santa,Rare,33,False,sprites/enemy/humanoid/human/wizard/red_wiz2.atlas,16,16,1.0,16.0,False,on grid,Person,1.0,16.0,humanoid/human/wizard folder,False
Santa (Elite),Common,30,False,sprites/enemy/humanoid/human/wizard/red_wiz2.atlas,16,16,1.0,16.0,False,on grid,Person,1.0,16.0,humanoid/human/wizard folder,False
Sarkhan,Rare,30,False,sprites/enemy/humanoid/human/wizard/red_wiz3.atlas,16,16,1.0,16.0,False,on grid,Person,1.0,16.0,humanoid/human/wizard folder,False
Saryth,Rare,29,False,sprites/enemy/humanoid/elf/shaman_2.atlas,16,16,1.0,16.0,False,on grid,Person,1.0,16.0,humanoid/elf folder,False
Saskia,Rare,50,False,sprites/enemy/humanoid/elf/shaman_2.atlas,16,16,1.0,16.0,False,on grid,Person,1.0,16.0,"humanoid/elf folder, life 50",True
Satoru,Rare,30,False,sprites/enemy/humanoid/human/rogue/rogue.atlas,16,16,1.0,16.0,False,on grid,Person,1.0,16.0,humanoid/human/rogue folder,False
Satya,Rare,40,False,sprites/enemy/humanoid/human/wizard/geistmage.atlas,16,16,1.0,16.0,False,on grid,Person,1.0,16.0,humanoid/human/wizard folder,False
Satyr,Common,12,False,sprites/enemy/fey/satyr.atlas,16,16,1.0,16.0,False,on grid,Person,1.0,16.0,"art 16px vs 16px person (x1.00), tagged humanoid",True
Satyr Grove Guardian,Uncommon,15,False,sprites/enemy/fey/satyr_2.atlas,16,16,1.0,16.0,False,on grid,Person,1.0,16.0,"art 16px vs 16px person (x1.00), tagged humanoid",True
Savra,Uncommon,20,False,sprites/enemy/humanoid/elf/elf_golgari.atlas,16,16,1.0,16.0,False,on grid,Person,1.0,16.0,humanoid/elf folder,False
Scarecrow,Uncommon,12,False,sprites/enemy/construct/scarecrow.atlas,16,16,1.0,16.0,False,on grid,Person,1.0,16.0,art 16px vs 16px person (x1.00),True
Scrublander of Dromar,Rare,20,False,sprites/enemy/humanoid/human/wizard/white_wiz2.atlas,16,16,1.0,16.0,False,on grid,Person,1.0,16.0,humanoid/human/wizard folder,False
Sea Monster,Uncommon,18,False,sprites/enemy/aberration/leech_2.atlas,16,16,1.0,16.0,False,on grid,Person,1.0,16.0,art 16px vs 16px person (x1.00),True
Sedris,Rare,40,False,sprites/enemy/undead/lich_3.atlas,16,16,1.0,16.0,False,on grid,Person,1.0,16.0,undead folder,False
Selvala,Uncommon,20,False,sprites/enemy/humanoid/elf/hunter_2.atlas,16,16,1.0,16.0,False,on grid,Person,1.0,16.0,humanoid/elf folder,False
Sen Triplets,Rare,30,False,sprites/enemy/humanoid/human/warlock/witch.atlas,16,16,1.0,16.0,False,on grid,Person,1.0,16.0,humanoid/human/warlock folder,False
Sengir,Mythic,48,False,sprites/enemy/undead/vampire.atlas,16,16,1.0,16.0,False,on grid,Person,1.0,16.0,"undead folder, life 48",True
Sephara,Mythic,49,False,sprites/enemy/celestial/angel_1.atlas,16,16,1.0,16.0,False,on grid,Person,1.0,16.0,"art 16px vs 16px person (x1.00), life 49",True
Sevinne,Uncommon,20,False,sprites/enemy/humanoid/human/wizard/teferi.atlas,16,16,1.0,16.0,False,on grid,Person,1.0,16.0,humanoid/human/wizard folder,False
Shaile,Rare,20,False,sprites/enemy/humanoid/human/wizard/black_wizard.atlas,16,16,1.0,16.0,False,on grid,Person,1.0,16.0,humanoid/human/wizard folder,False
Shalai and Hallar,Rare,20,False,sprites/enemy/celestial/angel_1.atlas,16,16,1.0,16.0,False,on grid,Person,1.0,16.0,art 16px vs 16px person (x1.00),True
Shaman,Uncommon,14,False,sprites/enemy/humanoid/elf/shaman_2.atlas,16,16,1.0,16.0,False,on grid,Person,1.0,16.0,humanoid/elf folder,False
Shaman of Zedruu,Rare,20,False,sprites/enemy/humanoid/viashino/pikelizard.atlas,16,16,1.0,16.0,False,on grid,Person,1.0,16.0,humanoid/viashino folder,False
Shanid,Rare,20,False,sprites/enemy/humanoid/human/knight/cavalier_2.atlas,16,16,1.0,16.0,False,on grid,Person,1.0,16.0,humanoid/human/knight folder,False
Shanna,Rare,20,False,sprites/enemy/humanoid/elf/green_wiz3.atlas,16,16,1.0,16.0,False,on grid,Person,1.0,16.0,humanoid/elf folder,False
Shapeshifter of Shandalar,Uncommon,24,False,sprites/enemy/undead/doppelganger.atlas,16,16,1.0,16.0,False,on grid,Person,1.0,16.0,undead folder,False
Shattergang Brothers,Uncommon,20,False,sprites/enemy/humanoid/goblin/goblin_group.atlas,32,16,1.0,16.0,False,on grid,Person,1.0,16.0,humanoid/goblin folder,False
Siani and Esior,Common,11,False,sprites/enemy/elemental/djinn.atlas,16,16,1.0,16.0,False,on grid,Person,1.0,16.0,art 16px vs 16px person (x1.00),True
Sifa Grent,Mythic,80,False,sprites/enemy/humanoid/human/wizard/jaya.atlas,16,16,1.0,16.0,False,on grid,Person,1.0,16.0,"humanoid/human/wizard folder, life 80",True
Sigardian Priest,Common,11,False,sprites/enemy/humanoid/human/cleric/monk.atlas,16,16,1.0,16.0,False,on grid,Person,1.0,16.0,humanoid/human/cleric folder,False
Sim Han How '02,Uncommon,25,False,sprites/enemy/humanoid/elf/druid.atlas,16,16,1.0,16.0,False,on grid,Person,1.0,16.0,humanoid/elf folder,False
Sisay,Rare,30,False,sprites/enemy/humanoid/elf/shaman.atlas,16,16,1.0,16.0,False,on grid,Person,1.0,16.0,humanoid/elf folder,False
Skaab,Common,10,False,sprites/enemy/undead/zombie_2.atlas,16,16,1.0,16.0,False,on grid,Person,1.0,16.0,undead folder,False
Skeleton,Common,12,False,sprites/enemy/undead/skeleton.atlas,16,16,1.0,16.0,False,on grid,Person,1.0,16.0,undead folder,False
Skeleton Soldier,Common,11,False,sprites/enemy/undead/skeleton_2.atlas,16,16,1.0,16.0,False,on grid,Person,1.0,16.0,undead folder,False
Skittering Hand,Uncommon,20,False,sprites/enemy/basic/undead/skittering_hand.atlas,16,16,1.0,16.0,False,on grid,Person,1.0,16.0,basic/undead folder,False
Slivdrazi Experiment,Rare,30,False,sprites/enemy/aberration/sliverexperiment.atlas,16,16,1.0,16.0,False,on grid,Person,1.0,16.0,art 16px vs 16px person (x1.00),True
Sliver,Uncommon,15,False,sprites/enemy/aberration/sliver.atlas,16,16,1.0,16.0,False,on grid,Person,1.0,16.0,art 16px vs 16px person (x1.00),True
Sliver_Black,Rare,20,False,sprites/enemy/aberration/sliver_black.atlas,16,16,1.0,16.0,False,on grid,Person,1.0,16.0,art 16px vs 16px person (x1.00),True
Sliver_Blue,Rare,20,False,sprites/enemy/aberration/sliver_blue.atlas,16,16,1.0,16.0,False,on grid,Person,1.0,16.0,art 16px vs 16px person (x1.00),True
Sliver_Green,Rare,20,False,sprites/enemy/aberration/sliver_green.atlas,16,16,1.0,16.0,False,on grid,Person,1.0,16.0,art 16px vs 16px person (x1.00),True
Sliver_Red,Uncommon,20,False,sprites/enemy/aberration/sliver_red.atlas,16,16,1.0,16.0,False,on grid,Person,1.0,16.0,art 16px vs 16px person (x1.00),True
Sliver_White,Uncommon,20,False,sprites/enemy/aberration/sliver_white.atlas,16,16,1.0,16.0,False,on grid,Person,1.0,16.0,art 16px vs 16px person (x1.00),True
Snow Wizard,Uncommon,20,False,sprites/enemy/humanoid/human/wizard/simic_wiz.atlas,16,16,1.0,16.0,False,on grid,Person,1.0,16.0,humanoid/human/wizard folder,False
Sol'Kanar,Rare,20,False,sprites/enemy/fiend/akaname.atlas,24,16,1.0,16.0,False,on grid,Person,1.0,16.0,art 16px vs 16px person (x1.00),True
Solphim,Uncommon,20,False,sprites/enemy/aberration/phyrexian/drossgrimnarch.atlas,16,16,1.0,16.0,False,on grid,Person,1.0,16.0,art 16px vs 16px person (x1.00),True
Spiked Ravager,Uncommon,20,False,sprites/enemy/fiend/spikedravager.atlas,16,16,1.0,16.0,False,on grid,Person,1.0,16.0,"art 16px vs 16px person (x1.00), tagged humanoid",True
Spirit,Common,12,False,sprites/enemy/undead/ghost_3.atlas,16,16,1.0,16.0,False,on grid,Person,1.0,16.0,undead folder,False
Sram,Uncommon,22,False,sprites/enemy/humanoid/dwarf/dwarfpilot.atlas,16,16,1.0,16.0,False,on grid,Person,1.0,16.0,humanoid/dwarf folder,False
Stella Lee,Rare,20,False,sprites/enemy/humanoid/elf/deftsorceress.atlas,16,16,1.0,16.0,False,on grid,Person,1.0,16.0,humanoid/elf folder,False
Strefan,Rare,30,False,sprites/enemy/undead/vampire_3.atlas,16,16,1.0,16.0,False,on grid,Person,1.0,16.0,undead folder,False
Subira,Uncommon,28,False,sprites/enemy/humanoid/elf/shaman.atlas,16,16,1.0,16.0,False,on grid,Person,1.0,16.0,humanoid/elf folder,False
Summoner of Shandalar,Uncommon,18,False,sprites/enemy/humanoid/human/wizard/green_wiz2.atlas,16,16,1.0,16.0,False,on grid,Person,1.0,16.0,humanoid/human/wizard folder,False
Surrak,Rare,20,False,sprites/enemy/humanoid/human/warrior/caribou_elite.atlas,16,16,1.0,16.0,False,on grid,Person,1.0,16.0,humanoid/human/warrior folder,False
Svend Geertsen '97,Common,27,False,sprites/enemy/humanoid/elf/druid.atlas,16,16,1.0,16.0,False,on grid,Person,1.0,16.0,humanoid/elf folder,False
Sydri,Rare,40,False,sprites/enemy/humanoid/human/cleric/priest.atlas,16,16,1.0,16.0,False,on grid,Person,1.0,16.0,humanoid/human/cleric folder,False
Sygg,Uncommon,20,False,sprites/enemy/humanoid/amphin/amphin_warrior.atlas,32,32,1.0,32.0,False,on grid,Person,0.5,16.0,"humanoid/amphin folder, moves 50%",True
Symbiote,Uncommon,11,False,sprites/enemy/monstrosity/basilisk_3.atlas,16,16,1.0,16.0,False,on grid,Person,1.0,16.0,art 16px vs 16px person (x1.00),True
Syr Alin,Uncommon,22,False,sprites/enemy/humanoid/human/knight/braveknight.atlas,16,16,1.0,16.0,False,on grid,Person,1.0,16.0,humanoid/human/knight folder,False
Syr Carah,Uncommon,30,False,sprites/enemy/humanoid/paladin_2.atlas,16,16,1.0,16.0,False,on grid,Person,1.0,16.0,humanoid folder,False
Syr Elenora,Rare,32,False,sprites/enemy/humanoid/knight.atlas,16,16,1.0,16.0,False,on grid,Person,1.0,16.0,humanoid folder,False
Syr Faren,Rare,32,False,sprites/enemy/humanoid/dwarf/bear_cavalry.atlas,16,16,1.0,16.0,False,on grid,Person,1.0,16.0,humanoid/dwarf folder,False
Syr Ginger,Uncommon,20,False,sprites/enemy/construct/golem_2.atlas,16,16,1.0,16.0,False,on grid,Person,1.0,16.0,art 16px vs 16px person (x1.00),True
Syr Gwyn,Rare,40,False,sprites/enemy/humanoid/human/knight/death_knight_2.atlas,16,16,1.0,16.0,False,on grid,Person,1.0,16.0,humanoid/human/knight folder,False
Syr Konrad,Uncommon,18,False,sprites/enemy/humanoid/human/knight/death_knight.atlas,16,16,1.0,16.0,False,on grid,Person,1.0,16.0,humanoid/human/knight folder,False
Syrix,Rare,20,False,sprites/enemy/elemental/phoenix.atlas,16,16,1.0,16.0,False,on grid,Person,1.0,16.0,art 16px vs 16px person (x1.00),True
Szadek,Uncommon,20,False,sprites/enemy/undead/vampire_3.atlas,16,16,1.0,16.0,False,on grid,Person,1.0,16.0,undead folder,False
Taborax,Mythic,41,False,sprites/enemy/fiend/abyssalbaron.atlas,16,16,1.0,16.0,False,on grid,Person,1.0,16.0,art 16px vs 16px person (x1.00),True
Taii Wakeen,Uncommon,20,False,sprites/enemy/humanoid/elf/hunter_2.atlas,16,16,1.0,16.0,False,on grid,Person,1.0,16.0,humanoid/elf folder,False
Tajic,Rare,20,False,sprites/enemy/humanoid/human/soldier/legionite.atlas,16,16,1.0,16.0,False,on grid,Person,1.0,16.0,humanoid/human/soldier folder,False
Talion,Rare,30,False,sprites/enemy/fey/dimirfaerie.atlas,16,16,1.0,16.0,False,on grid,Person,1.0,16.0,art 16px vs 16px person (x1.00),True
Tam,Rare,30,False,sprites/enemy/monstrosity/gorgone.atlas,16,16,1.0,16.0,False,on grid,Person,1.0,16.0,art 16px vs 16px person (x1.00),True
Tamiyo,Uncommon,30,False,sprites/enemy/humanoid/kor/kor_blue.atlas,16,16,1.0,16.0,False,on grid,Person,1.0,16.0,humanoid/kor folder,False
Tannuk,Rare,26,False,sprites/enemy/monstrosity/kavu.atlas,16,16,1.0,16.0,False,on grid,Person,1.0,16.0,art 16px vs 16px person (x1.00),True
Tarkir Djinn,Common,18,False,sprites/enemy/elemental/djinn_2.atlas,16,16,1.0,16.0,False,on grid,Person,1.0,16.0,"art 16px vs 16px person (x1.00), tagged humanoid",True
Tasigur,Rare,20,False,sprites/enemy/humanoid/human/bandit/bandittorturer.atlas,32,32,1.0,32.0,False,on grid,Person,0.5,16.0,"humanoid/human/bandit folder, moves 50%",True
Tatyova,Rare,30,False,sprites/enemy/humanoid/merfolk/mermaid.atlas,16,16,1.0,16.0,False,on grid,Person,1.0,16.0,humanoid/merfolk folder,False
Tawnos,Rare,30,False,sprites/enemy/humanoid/human/wizard/runescribe.atlas,16,16,1.0,16.0,False,on grid,Person,1.0,16.0,humanoid/human/wizard folder,False
Tegwyll,Uncommon,20,False,sprites/enemy/fey/pixie_dimir.atlas,16,16,1.0,16.0,False,on grid,Person,1.0,16.0,art 16px vs 16px person (x1.00),True
Tergrid,Uncommon,38,False,sprites/enemy/undead/lich_3.atlas,16,16,1.0,16.0,False,on grid,Person,1.0,16.0,undead folder,False
Tesak,Uncommon,20,False,sprites/enemy/fiend/hellhound_2.atlas,16,16,1.0,16.0,False,on grid,Person,1.0,16.0,art 16px vs 16px person (x1.00),True
Teshar,Uncommon,31,False,sprites/enemy/humanoid/aven/falconheadedaven.atlas,16,16,1.0,16.0,False,on grid,Person,1.0,16.0,humanoid/aven folder,False
Tetsuko,Uncommon,22,False,sprites/enemy/humanoid/human/rogue/rogue.atlas,16,16,1.0,16.0,False,on grid,Person,1.0,16.0,humanoid/human/rogue folder,False
Tetsuo,Uncommon,30,False,sprites/enemy/humanoid/human/archer/archer.atlas,16,16,1.0,16.0,False,on grid,Person,1.0,16.0,humanoid/human/archer folder,False
Teysa,Rare,30,False,sprites/enemy/humanoid/human/cleric/cleric_orzhov.atlas,16,16,1.0,16.0,False,on grid,Person,1.0,16.0,humanoid/human/cleric folder,False
Thalia,Rare,27,False,sprites/enemy/humanoid/swordsman_3.atlas,16,16,1.0,16.0,False,on grid,Person,1.0,16.0,humanoid folder,False
Thalisse,Uncommon,20,False,sprites/enemy/humanoid/human/cleric/cleric_orzhov.atlas,16,16,1.0,16.0,False,on grid,Person,1.0,16.0,humanoid/human/cleric folder,False
Thassa,Rare,44,False,sprites/enemy/humanoid/merfolk/kiora.atlas,16,16,3.0,48.0,False,on grid,Person,1.0,16.0,"humanoid/merfolk folder, moves 67%",True
The Archimandrite,Rare,30,False,sprites/enemy/humanoid/human/cleric/monk_3.atlas,16,16,1.0,16.0,False,on grid,Person,1.0,16.0,humanoid/human/cleric folder,False
The Gitrog Monster (Innistrad),Rare,25,False,sprites/enemy/undead/zombie.atlas,16,16,1.0,16.0,False,on grid,Person,1.0,16.0,undead folder,False
The Grand Goatnapper,Rare,60,False,sprites/enemy/humanoid/goblin/wolf_rider_2.atlas,16,16,1.0,16.0,False,on grid,Person,1.0,16.0,"humanoid/goblin folder, life 60",True
The Master of Keys,Uncommon,30,False,sprites/enemy/undead/graverevenant.atlas,16,16,1.0,16.0,False,on grid,Person,1.0,16.0,undead folder,False
The Necrobloom,Uncommon,20,False,sprites/enemy/aberration/geonid.atlas,16,16,1.0,16.0,False,on grid,Person,1.0,16.0,art 16px vs 16px person (x1.00),True
The Peregrine Dynamo,Rare,20,False,sprites/enemy/construct/golem_3.atlas,16,16,1.0,16.0,False,on grid,Person,1.0,16.0,art 16px vs 16px person (x1.00),True
The Raven Man,Uncommon,22,False,sprites/enemy/humanoid/human/wizard/dimir_wiz.atlas,16,16,1.0,16.0,False,on grid,Person,1.0,16.0,humanoid/human/wizard folder,False
Thelon,Uncommon,20,False,sprites/enemy/humanoid/elf/druid.atlas,16,16,1.0,16.0,False,on grid,Person,1.0,16.0,humanoid/elf folder,False
Thomil,Mythic,83,False,sprites/enemy/undead/lich.atlas,16,16,1.0,16.0,False,on grid,Person,1.0,16.0,"undead folder, life 83",True
Thought Invoker of Shandalar,Common,13,False,sprites/enemy/humanoid/human/wizard/blue_wiz2.atlas,16,16,1.0,16.0,False,on grid,Person,1.0,16.0,humanoid/human/wizard folder,False
Thrasios and Vial Smasher,Rare,40,False,sprites/enemy/humanoid/merfolk/mermaid.atlas,16,16,1.0,16.0,False,on grid,Person,1.0,16.0,humanoid/merfolk folder,False
Tiana,Rare,20,False,sprites/enemy/celestial/angel_1.atlas,16,16,1.0,16.0,False,on grid,Person,1.0,16.0,art 16px vs 16px person (x1.00),True
Tiburones,Uncommon,20,False,sprites/enemy/basic/humanoid/tiburones.atlas,24,32,1.0,32.0,False,on grid,Person,0.5,16.0,"basic/humanoid folder, moves 50%",True
Tide Elemental,Uncommon,22,False,sprites/enemy/basic/magical/tide_elemental.atlas,16,16,1.0,16.0,False,on grid,Person,1.0,16.0,basic/magical folder,False
Tinybones,Rare,27,False,sprites/enemy/undead/skeleton_2.atlas,16,16,1.0,16.0,False,on grid,Person,1.0,16.0,undead folder,False
Tishana,Rare,30,False,sprites/enemy/humanoid/viashino/dreamwalker_2.atlas,16,16,1.0,16.0,False,on grid,Person,1.0,16.0,humanoid/viashino folder,False
Tocasia,Rare,30,False,sprites/enemy/humanoid/human/wizard/green_wiz2.atlas,16,16,1.0,16.0,False,on grid,Person,1.0,16.0,humanoid/human/wizard folder,False
Toggo and Krark,Rare,32,False,sprites/enemy/humanoid/goblin/goblin_4.atlas,16,16,1.0,16.0,False,on grid,Person,1.0,16.0,humanoid/goblin folder,False
Toluz,Uncommon,20,False,sprites/enemy/humanoid/human/cleric/cleric_orzhov.atlas,16,16,1.0,16.0,False,on grid,Person,1.0,16.0,humanoid/human/cleric folder,False
Tom Chanpheng '96,Uncommon,25,False,sprites/enemy/humanoid/human/knight/paladin.atlas,16,16,1.0,16.0,False,on grid,Person,1.0,16.0,humanoid/human/knight folder,False
Tom van de Logt '00,Rare,25,False,sprites/enemy/humanoid/human/wizard/white_wiz2.atlas,16,16,1.0,16.0,False,on grid,Person,1.0,16.0,humanoid/human/wizard folder,False
Tom van de Logt '01,Uncommon,25,False,sprites/enemy/humanoid/human/knight/death_knight.atlas,16,16,1.0,16.0,False,on grid,Person,1.0,16.0,humanoid/human/knight folder,False
Tomb Guardian,Common,18,False,sprites/enemy/undead/tombguardian.atlas,16,16,1.0,16.0,False,on grid,Person,1.0,16.0,undead folder,False
Tomik,Rare,20,False,sprites/enemy/humanoid/human/cleric/monk_2.atlas,16,16,1.0,16.0,False,on grid,Person,1.0,16.0,humanoid/human/cleric folder,False
Tor Wauki,Common,20,False,sprites/enemy/humanoid/human/archer/archer.atlas,16,16,1.0,16.0,False,on grid,Person,1.0,16.0,humanoid/human/archer folder,False
Torbran,Rare,31,False,sprites/enemy/humanoid/dwarf/dwarf_5.atlas,16,16,1.0,16.0,False,on grid,Person,1.0,16.0,humanoid/dwarf folder,False
Toxic Hound,Rare,30,False,sprites/enemy/basic/undead/toxic_hound.atlas,16,16,1.0,16.0,False,on grid,Person,1.0,16.0,basic/undead folder,False
Traveling Conjurer,Common,12,False,sprites/enemy/basic/humanoid/traveling_conjurer.atlas,12,13,1.0,13.0,False,"critter, deliberate",Person,1.23,16.0,basic/humanoid folder,False
Treefolk,Mythic,50,False,sprites/enemy/plant/treant.atlas,16,16,1.0,16.0,False,on grid,Person,1.0,16.0,"art 16px vs 16px person (x1.00), tagged humanoid, life 50",True
Treefolk Elite,Uncommon,18,False,sprites/enemy/plant/treant_large.atlas,64,64,0.5,32.0,False,on grid,Person,0.25,16.0,"scale x0.5 was a choice - nearest step to 32.0px, tagged humanoid, moves 50%",True
Treefolk Guardian,Common,13,False,sprites/enemy/plant/treant_2.atlas,16,16,1.0,16.0,False,on grid,Person,1.0,16.0,"art 16px vs 16px person (x1.00), tagged humanoid",True
Triceratops,Uncommon,20,False,sprites/enemy/beast/dinosaur/dinosaur_triceratops.atlas,24,16,1.0,16.0,False,on grid,Person,1.0,16.0,art 16px vs 16px person (x1.00),True
Tropical Islander of Treva,Rare,20,False,sprites/enemy/humanoid/human/wizard/green_wiz2.atlas,16,16,1.0,16.0,False,on grid,Person,1.0,16.0,humanoid/human/wizard folder,False
Trostani,Rare,30,False,sprites/enemy/humanoid/elf/druid.atlas,16,16,1.0,16.0,False,on grid,Person,1.0,16.0,humanoid/elf folder,False
Trynn and Silvar,Rare,30,False,sprites/enemy/humanoid/human/cleric/monk_2.atlas,16,16,1.0,16.0,False,on grid,Person,1.0,16.0,humanoid/human/cleric folder,False
Trystan,Rare,60,False,sprites/enemy/fey/satyr.atlas,16,16,1.0,16.0,False,on grid,Person,1.0,16.0,"art 16px vs 16px person (x1.00), life 60",True
Tsabo Tavoc,Uncommon,30,False,sprites/enemy/aberration/phyrexian/drossgrimnarch.atlas,16,16,1.0,16.0,False,on grid,Person,1.0,16.0,art 16px vs 16px person (x1.00),True
Tsagan,Rare,30,False,sprites/enemy/humanoid/viashino/scout_2.atlas,16,16,1.0,16.0,False,on grid,Person,1.0,16.0,humanoid/viashino folder,False
Tymna and Tana,Mythic,40,False,sprites/enemy/humanoid/human/shaman/chandra.atlas,16,16,1.0,16.0,False,on grid,Person,1.0,16.0,humanoid/human/shaman folder,False
Unctus,Rare,30,False,sprites/enemy/aberration/phyrexian/gitaxianunderling.atlas,16,16,1.0,16.0,False,on grid,Person,1.0,16.0,art 16px vs 16px person (x1.00),True
Undead Renegade,Rare,30,False,sprites/enemy/heroes/undead_m.atlas,16,16,1.0,16.0,False,on grid,Person,1.0,16.0,heroes folder,False
Undead Roamer,Rare,18,False,sprites/enemy/undead/undeadroamer.atlas,16,16,1.0,16.0,False,on grid,Person,1.0,16.0,undead folder,False
Undead Shuffler,Rare,19,False,sprites/enemy/undead/undeadshuffler.atlas,16,16,1.0,16.0,False,on grid,Person,1.0,16.0,undead folder,False
Undead Wanderer,Uncommon,20,False,sprites/enemy/heroes/undead_f.atlas,16,16,1.0,16.0,False,on grid,Person,1.0,16.0,heroes folder,False
Unholy Knight,Rare,26,False,sprites/enemy/undead/deathknightidle.atlas,16,16,1.0,16.0,False,on grid,Person,1.0,16.0,undead folder,False
Unraveling Crawler,Common,20,False,sprites/enemy/undead/unravelingcrawler.atlas,16,16,1.0,16.0,False,on grid,Person,1.0,16.0,undead folder,False
Unwinding Crawler,Common,12,False,sprites/enemy/basic/undead/unwinding_crawler.atlas,16,16,1.0,16.0,False,on grid,Person,1.0,16.0,basic/undead folder,False
Urtet,Uncommon,30,False,sprites/enemy/construct/myr.atlas,16,16,1.0,16.0,False,on grid,Person,1.0,16.0,art 16px vs 16px person (x1.00),True
Urza,Mythic,50,False,sprites/enemy/humanoid/human/wizard/dimir_wiz.atlas,16,16,1.0,16.0,False,on grid,Person,1.0,16.0,"humanoid/human/wizard folder, life 50",True
Uvilda,Rare,20,False,sprites/enemy/elemental/efreet.atlas,16,16,1.0,16.0,False,on grid,Person,1.0,16.0,art 16px vs 16px person (x1.00),True
Vadrik,Rare,30,False,sprites/enemy/humanoid/human/wizard/teferi.atlas,16,16,1.0,16.0,False,on grid,Person,1.0,16.0,humanoid/human/wizard folder,False
Vampire,Common,11,False,sprites/enemy/undead/vampire.atlas,16,16,1.0,16.0,False,on grid,Person,1.0,16.0,undead folder,False
Vampire Bat,Common,11,False,sprites/enemy/basic/undead/vampire_bat.atlas,16,16,1.0,16.0,False,on grid,Person,1.0,16.0,basic/undead folder,False
Vannifar,Rare,20,False,sprites/enemy/humanoid/elf/druid.atlas,16,16,1.0,16.0,False,on grid,Person,1.0,16.0,humanoid/elf folder,False
Veko,Rare,20,False,sprites/enemy/undead/ghost.atlas,16,16,1.0,16.0,False,on grid,Person,1.0,16.0,undead folder,False
Venser,Rare,80,False,sprites/enemy/humanoid/human/cleric/monk_3.atlas,16,16,1.0,16.0,False,on grid,Person,1.0,16.0,"humanoid/human/cleric folder, life 80",True
Vexyr,Rare,30,False,sprites/enemy/aberration/phyrexian/phyrexianduelist.atlas,16,16,1.0,16.0,False,on grid,Person,1.0,16.0,art 16px vs 16px person (x1.00),True
Veyran,Uncommon,20,False,sprites/enemy/elemental/djinn_2.atlas,16,16,1.0,16.0,False,on grid,Person,1.0,16.0,art 16px vs 16px person (x1.00),True
Viashino,Common,11,False,sprites/enemy/humanoid/viashino/battler.atlas,16,16,1.0,16.0,False,on grid,Person,1.0,16.0,humanoid/viashino folder,False
Viashino Renegade,Uncommon,23,False,sprites/enemy/heroes/viashino_m.atlas,16,16,1.0,16.0,False,on grid,Person,1.0,16.0,heroes folder,False
Viashino Wanderer,Common,13,False,sprites/enemy/heroes/viashino_f.atlas,16,16,1.0,16.0,False,on grid,Person,1.0,16.0,heroes folder,False
Victor,Rare,40,False,sprites/enemy/humanoid/human/cleric/corrupted_cleric.atlas,16,16,1.0,16.0,False,on grid,Person,1.0,16.0,humanoid/human/cleric folder,False
Vihaan,Rare,20,False,sprites/enemy/humanoid/dwarf/dwarfpilot.atlas,16,16,1.0,16.0,False,on grid,Person,1.0,16.0,humanoid/dwarf folder,False
Vile Witch,Rare,32,False,sprites/enemy/basic/magical/vile_witch.atlas,16,16,1.0,16.0,False,on grid,Person,1.0,16.0,basic/magical folder,False
Village Volunteer,Common,12,False,sprites/enemy/basic/humanoid/village_volunteer.atlas,36,32,0.5,16.0,False,on grid,Person,0.5,16.0,basic/humanoid folder,False
Visara,Uncommon,19,False,sprites/enemy/monstrosity/gorgonen.atlas,16,16,1.0,16.0,False,on grid,Person,1.0,16.0,art 16px vs 16px person (x1.00),True
Vish Kal,Uncommon,20,False,sprites/enemy/undead/vampire_3.atlas,16,16,1.0,16.0,False,on grid,Person,1.0,16.0,undead folder,False
Vishgraz,Uncommon,20,False,sprites/enemy/aberration/phyrexian/copperhostbrutalizer.atlas,16,16,1.0,16.0,False,on grid,Person,1.0,16.0,art 16px vs 16px person (x1.00),True
Vito,Rare,32,False,sprites/enemy/undead/vampire_2.atlas,16,16,1.0,16.0,False,on grid,Person,1.0,16.0,undead folder,False
Volcanic Islander of Crosis,Rare,20,False,sprites/enemy/humanoid/human/wizard/blue_wiz2.atlas,16,16,1.0,16.0,False,on grid,Person,1.0,16.0,humanoid/human/wizard folder,False
Volcano Elemental,Uncommon,25,False,sprites/enemy/elemental/volcanoelemental.atlas,16,16,1.0,16.0,False,on grid,Person,1.0,16.0,art 16px vs 16px person (x1.00),True
Volrath,Rare,40,False,sprites/enemy/aberration/phyrexian/gitaxianunderling.atlas,16,16,1.0,16.0,False,on grid,Person,1.0,16.0,art 16px vs 16px person (x1.00),True
Vona,Rare,30,False,sprites/enemy/humanoid/human/knight/braveknight.atlas,16,16,1.0,16.0,False,on grid,Person,1.0,16.0,humanoid/human/knight folder,False
Vorel,Rare,20,False,sprites/enemy/humanoid/viashino/dreamwalker_2.atlas,16,16,1.0,16.0,False,on grid,Person,1.0,16.0,humanoid/viashino folder,False
Vraan,Rare,32,False,sprites/enemy/aberration/phyrexian/drossgladiator.atlas,16,16,1.0,16.0,False,on grid,Person,1.0,16.0,art 16px vs 16px person (x1.00),True
Vraska,Rare,30,False,sprites/enemy/monstrosity/gorgone.atlas,16,16,1.0,16.0,False,on grid,Person,1.0,16.0,art 16px vs 16px person (x1.00),True
Wandering Geist,Common,9,False,sprites/enemy/undead/ghost_2.atlas,16,16,1.0,16.0,False,on grid,Person,1.0,16.0,undead folder,False
Wandering Treefolk,Common,13,False,sprites/enemy/plant/treant_2.atlas,16,16,1.0,16.0,False,on grid,Person,1.0,16.0,art 16px vs 16px person (x1.00),True
War Mage of Shandalar,Rare,30,False,sprites/enemy/humanoid/human/wizard/red_wiz2.atlas,16,16,1.0,16.0,False,on grid,Person,1.0,16.0,humanoid/human/wizard folder,False
Warrior,Common,18,False,sprites/enemy/humanoid/human/warrior/warrior.atlas,16,16,1.0,16.0,False,on grid,Person,1.0,16.0,humanoid/human/warrior folder,False
Wayta,Rare,30,False,sprites/enemy/humanoid/elf/shaman_2.atlas,16,16,1.0,16.0,False,on grid,Person,1.0,16.0,humanoid/elf folder,False
Weak Demon,Uncommon,11,False,sprites/enemy/fiend/demon_4.atlas,16,16,1.0,16.0,False,on grid,Person,1.0,16.0,art 16px vs 16px person (x1.00),True
Werewolf,Uncommon,16,False,sprites/enemy/fiend/hellhound.atlas,16,16,1.0,16.0,False,on grid,Person,1.0,16.0,"art 16px vs 16px person (x1.00), tagged humanoid",True
Werewolf Renegade,Rare,30,False,sprites/enemy/heroes/werewolf_m.atlas,16,16,1.0,16.0,False,on grid,Person,1.0,16.0,heroes folder,False
Werewolf Wanderer,Uncommon,20,False,sprites/enemy/heroes/werewolf_f.atlas,16,16,1.0,16.0,False,on grid,Person,1.0,16.0,heroes folder,False
White Dragonkin Renegade,Uncommon,23,False,sprites/enemy/heroes/dragonkin_w.atlas,16,16,1.0,16.0,False,on grid,Person,1.0,16.0,heroes folder,False
White Dwarf,Common,11,False,sprites/enemy/humanoid/dwarf/dwarf_6.atlas,16,16,1.0,16.0,False,on grid,Person,1.0,16.0,humanoid/dwarf folder,False
Wild-Magic Sorcerer,Rare,15,False,sprites/enemy/humanoid/viashino/dreamwalker_2.atlas,16,16,1.0,16.0,False,on grid,Person,1.0,16.0,humanoid/viashino folder,False
Wilhelt,Rare,30,False,sprites/enemy/undead/graverevenant.atlas,16,16,1.0,16.0,False,on grid,Person,1.0,16.0,undead folder,False
Will,Rare,40,False,sprites/enemy/humanoid/human/knight/cavalier.atlas,16,16,1.0,16.0,False,on grid,Person,1.0,16.0,humanoid/human/knight folder,False
Winota,Rare,40,False,sprites/enemy/humanoid/elf/druid.atlas,16,16,1.0,16.0,False,on grid,Person,1.0,16.0,humanoid/elf folder,False
Winter,Rare,30,False,sprites/enemy/humanoid/human/rogue/rogue.atlas,16,16,1.0,16.0,False,on grid,Person,1.0,16.0,humanoid/human/rogue folder,False
Worzel,Mythic,76,False,sprites/enemy/humanoid/human/cleric/priest.atlas,16,16,1.0,16.0,False,on grid,Person,1.0,16.0,"humanoid/human/cleric folder, life 76",True
Wraith,Common,12,False,sprites/enemy/undead/wraith.atlas,16,16,1.0,16.0,False,on grid,Person,1.0,16.0,undead folder,False
Wurm,Uncommon,20,False,sprites/enemy/monstrosity/wurm.atlas,16,16,1.0,16.0,False,on grid,Person,1.0,16.0,art 16px vs 16px person (x1.00),True
Wyleth,Uncommon,30,False,sprites/enemy/humanoid/knight.atlas,16,16,1.0,16.0,False,on grid,Person,1.0,16.0,humanoid folder,False
Xavier Sal,Uncommon,20,False,sprites/enemy/humanoid/human/rogue/pirate_captain.atlas,16,16,1.0,16.0,False,on grid,Person,1.0,16.0,humanoid/human/rogue folder,False
Xho Cai,Uncommon,20,False,sprites/enemy/humanoid/aven/ibisheadedaven.atlas,16,16,1.0,16.0,False,on grid,Person,1.0,16.0,humanoid/aven folder,False
Yahenni,Uncommon,20,False,sprites/enemy/undead/doppelganger.atlas,16,16,1.0,16.0,False,on grid,Person,1.0,16.0,undead folder,False
Yarus,Rare,20,False,sprites/enemy/fey/centaur.atlas,16,16,1.0,16.0,False,on grid,Person,1.0,16.0,art 16px vs 16px person (x1.00),True
Yasova,Rare,20,False,sprites/enemy/humanoid/human/peasant/farmer.atlas,16,16,1.0,16.0,False,on grid,Person,1.0,16.0,humanoid/human/peasant folder,False
Yawgmoth,Rare,27,False,sprites/enemy/humanoid/human/wizard/black_wizard.atlas,16,16,1.0,16.0,False,on grid,Person,1.0,16.0,humanoid/human/wizard folder,False
Yeti,Common,16,False,sprites/enemy/monstrosity/yeti_2.atlas,16,16,1.0,16.0,False,on grid,Person,1.0,16.0,"art 16px vs 16px person (x1.00), tagged humanoid",True
Yeva,Uncommon,20,False,sprites/enemy/humanoid/elf/elf_golgari.atlas,16,16,1.0,16.0,False,on grid,Person,1.0,16.0,humanoid/elf folder,False
Yuriko,Uncommon,30,False,sprites/enemy/humanoid/human/rogue/rogue.atlas,16,16,1.0,16.0,False,on grid,Person,1.0,16.0,humanoid/human/rogue folder,False
Yurlok,Rare,20,False,sprites/enemy/humanoid/viashino/dreamwalker.atlas,16,16,1.0,16.0,False,on grid,Person,1.0,16.0,humanoid/viashino folder,False
Yusri,Rare,30,False,sprites/enemy/elemental/efreet.atlas,16,16,1.0,16.0,False,on grid,Person,1.0,16.0,art 16px vs 16px person (x1.00),True
Zaffai,Rare,20,False,sprites/enemy/humanoid/human/wizard/teferi.atlas,16,16,1.0,16.0,False,on grid,Person,1.0,16.0,humanoid/human/wizard folder,False
Zagras,Uncommon,30,False,sprites/enemy/undead/vampire.atlas,16,16,1.0,16.0,False,on grid,Person,1.0,16.0,undead folder,False
Zahid,Uncommon,19,False,sprites/enemy/elemental/djinn_2.atlas,16,16,1.0,16.0,False,on grid,Person,1.0,16.0,art 16px vs 16px person (x1.00),True
Zak Dolan '94,Rare,25,False,sprites/enemy/humanoid/human/wizard/mage.atlas,16,16,1.0,16.0,False,on grid,Person,1.0,16.0,humanoid/human/wizard folder,False
Zara,Rare,20,False,sprites/enemy/humanoid/human/shaman/chandra.atlas,16,16,1.0,16.0,False,on grid,Person,1.0,16.0,humanoid/human/shaman folder,False
Zeriam,Common,12,False,sprites/enemy/monstrosity/griffin.atlas,16,16,1.0,16.0,False,on grid,Person,1.0,16.0,art 16px vs 16px person (x1.00),True
Zimone,Rare,20,False,sprites/enemy/humanoid/elf/shaman.atlas,16,16,1.0,16.0,False,on grid,Person,1.0,16.0,humanoid/elf folder,False
Zo-Zu the Punisher,Common,1,False,sprites/enemy/humanoid/goblin/goblin_4.atlas,16,16,1.0,16.0,False,on grid,Person,1.0,16.0,humanoid/goblin folder,False
Zombie,Common,13,False,sprites/enemy/undead/zombie.atlas,16,16,1.0,16.0,False,on grid,Person,1.0,16.0,undead folder,False
Zombie Master,Mythic,46,False,sprites/enemy/undead/lich_3.atlas,16,16,1.0,16.0,False,on grid,Person,1.0,16.0,"undead folder, life 46",True
Zur,Rare,50,False,sprites/enemy/humanoid/human/wizard/enchanter.atlas,16,16,1.0,16.0,False,on grid,Person,1.0,16.0,"humanoid/human/wizard folder, life 50",True
Zurzoth,Common,12,False,sprites/enemy/fiend/juggler_2.atlas,16,16,1.0,16.0,False,on grid,Person,1.0,16.0,art 16px vs 16px person (x1.00),True
